common_district,Id,Id2,Geography,PARTY,Total; Estimate; Total population,Total; Margin of Error; Total population,Households; Estimate; Total,Households; Margin of Error; Total,Median income (dollars); Estimate; Households,Median income (dollars); Margin of Error; Households,FY 13 Awards,FY 14 Awards,FY 15 Awards,FY 16 Awards,FY 17 Awards,FY 18 Awards
alabama 1,5001500US0101,101,"Congressional District 1 (115th Congress), Alabama",R,704457,3112,264399,4299,47083,2274,0.0,0.0,0.0,0.0,0.0,0.0
alabama 2,5001500US0102,102,"Congressional District 2 (115th Congress), Alabama",R,681621,6239,259766,3730,42035,1165,0.0,0.0,0.0,0.0,19288.7,19288.7
alabama 3,5001500US0103,103,"Congressional District 3 (115th Congress), Alabama",R,709482,4694,270850,4642,46544,1553,0.0,0.0,0.0,0.0,0.0,0.0
alabama 4,5001500US0104,104,"Congressional District 4 (115th Congress), Alabama",R,683273,5034,256036,3945,41110,1063,0.0,0.0,0.0,0.0,0.0,171873.55
alabama 5,5001500US0105,105,"Congressional District 5 (115th Congress), Alabama",R,712529,877,278329,4056,51690,1204,0.0,0.0,0.0,0.0,14674.0,25672.0
alabama 6,5001500US0106,106,"Congressional District 6 (115th Congress), Alabama",R,706308,5741,267123,4039,61413,2137,0.0,0.0,0.0,0.0,1056718.0,1458613.75
alabama 7,5001500US0107,107,"Congressional District 7 (115th Congress), Alabama",D,665630,7888,256015,4403,34664,1269,0.0,0.0,0.0,183932.16,529581.22,608584.22
alaska 0,5001500US0200,200,"Congressional District (at Large) (115th Congress), Alaska",R,741894,*****,248468,2841,76440,2230,0.0,37280965.9,4612348.99,94578491.12,336700252.09,416580067.1799999
arizona 1,5001500US0401,401,"Congressional District 1 (115th Congress), Arizona",D,766924,10818,249358,5907,50537,1177,0.0,0.0,0.0,0.0,0.0,34306.0
arizona 2,5001500US0402,402,"Congressional District 2 (115th Congress), Arizona",R,722770,11620,301297,4789,49072,1914,0.0,0.0,0.0,0.0,0.0,44939.12
arizona 3,5001500US0403,403,"Congressional District 3 (115th Congress), Arizona",D,752284,17180,242621,5013,44224,1528,0.0,0.0,0.0,17161.76,8266.44,0.0
arizona 4,5001500US0404,404,"Congressional District 4 (115th Congress), Arizona",R,753807,12768,296652,4761,49466,1808,0.0,0.0,6921.53,0.0,0.0,6921.53
arizona 5,5001500US0405,405,"Congressional District 5 (115th Congress), Arizona",R,785110,12782,274044,5559,71693,1949,0.0,0.0,0.0,21358.57,4727.0,4351.0
arizona 6,5001500US0406,406,"Congressional District 6 (115th Congress), Arizona",R,764776,16691,313796,6743,67830,2287,0.0,0.0,0.0,144338.8,2356311.88,2223890.67
arizona 7,5001500US0407,407,"Congressional District 7 (115th Congress), Arizona",D,818387,22796,245571,5579,40991,949,0.0,0.0,162378.93,0.0,20567.35,360107.91000000003
arizona 8,5001500US0408,408,"Congressional District 8 (115th Congress), Arizona",R,782511,12157,286511,5199,61754,1428,0.0,0.0,0.0,0.0,0.0,40960.0
arizona 9,5001500US0409,409,"Congressional District 9 (115th Congress), Arizona",,784502,19251,309202,6754,55349,1359,0.0,0.0,0.0,311944.0,120696.19,388470.88
arkansas 1,5001500US0501,501,"Congressional District 1 (115th Congress), Arkansas",R,725733,3255,273559,3973,40492,1039,0.0,0.0,0.0,0.0,0.0,0.0
arkansas 2,5001500US0502,502,"Congressional District 2 (115th Congress), Arkansas",R,758929,1748,293331,4006,49498,1906,0.0,0.0,0.0,0.0,18604.43,525.0
arkansas 3,5001500US0503,503,"Congressional District 3 (115th Congress), Arkansas",R,794237,3633,303127,3284,47903,1441,0.0,0.0,0.0,0.0,0.0,0.0
arkansas 4,5001500US0504,504,"Congressional District 4 (115th Congress), Arkansas",R,709349,4800,272701,4712,39586,1473,0.0,0.0,0.0,0.0,0.0,0.0
california 1,5001500US0601,601,"Congressional District 1 (115th Congress), California",R,703162,4603,273669,3690,47488,1778,0.0,0.0,0.0,0.0,0.0,0.0
california 2,5001500US0602,602,"Congressional District 2 (115th Congress), California",D,716202,5366,283904,3871,66604,2368,0.0,0.0,0.0,0.0,0.0,71600.0
california 3,5001500US0603,603,"Congressional District 3 (115th Congress), California",D,740253,5318,251190,3240,61508,1575,0.0,0.0,0.0,0.0,103499.0,204468.0
california 4,5001500US0604,604,"Congressional District 4 (115th Congress), California",R,737169,6466,274386,3929,74074,2636,0.0,0.0,0.0,38197.35,1346104.0,2922303.73
california 5,5001500US0605,605,"Congressional District 5 (115th Congress), California",D,735968,8328,262302,4818,73006,2152,0.0,0.0,0.0,0.0,0.0,13069932.65
california 6,5001500US0606,606,"Congressional District 6 (115th Congress), California",D,763987,8751,271977,4767,51932,1159,11428.13,11428.13,11428.13,26332.65,18584.92,62357.57
california 7,5001500US0607,607,"Congressional District 7 (115th Congress), California",D,738468,8538,261127,4299,68735,2988,0.0,43764.38,3665863.39,3665863.39,3709627.77,4800682.89
california 8,5001500US0608,608,"Congressional District 8 (115th Congress), California",R,723600,9155,232951,4263,49194,2628,0.0,0.0,0.0,0.0,0.0,0.0
california 9,5001500US0609,609,"Congressional District 9 (115th Congress), California",D,760794,7672,237359,3578,61454,1920,0.0,0.0,0.0,0.0,0.0,0.0
california 10,5001500US0610,610,"Congressional District 10 (115th Congress), California",R,744989,5117,235531,2972,60235,1664,0.0,0.0,0.0,0.0,0.0,0.0
california 11,5001500US0611,611,"Congressional District 11 (115th Congress), California",D,756337,6793,266301,3365,86000,3314,0.0,3918900.07,0.0,0.0,0.0,5922697.1
california 12,5001500US0612,612,"Congressional District 12 (115th Congress), California",D,756991,7903,324880,4343,105918,3764,0.0,0.0,0.0,10000.0,1354017.34,2241680.79
california 13,5001500US0613,613,"Congressional District 13 (115th Congress), California",D,755243,4005,287921,3981,73601,2245,0.0,0.0,0.0,0.0,336214.08,332776.08
california 14,5001500US0614,614,"Congressional District 14 (115th Congress), California",D,749041,9710,253163,3456,103850,3199,0.0,0.0,0.0,0.0,51001.65,810298.3
california 15,5001500US0615,615,"Congressional District 15 (115th Congress), California",D,769371,6848,250240,3132,106291,3501,0.0,0.0,0.0,417106.0,0.0,42513.39
california 16,5001500US0616,616,"Congressional District 16 (115th Congress), California",D,730141,11908,210616,3966,40207,1785,0.0,0.0,0.0,0.0,0.0,0.0
california 17,5001500US0617,617,"Congressional District 17 (115th Congress), California",D,774647,10326,257515,4826,121150,1392,0.0,0.0,18896.91,553344.6,221141.18999999997,706133.22
california 18,5001500US0618,618,"Congressional District 18 (115th Congress), California",D,739012,13588,268446,4860,125790,4347,19200592.56,12080065.52,12080065.52,13297.0,843004.17,40039723.09
california 19,5001500US0619,619,"Congressional District 19 (115th Congress), California",D,762005,13750,226671,3676,93139,3326,0.0,0.0,0.0,0.0,4061.09,2136.76
california 20,5001500US0620,620,"Congressional District 20 (115th Congress), California",D,743764,6014,227623,3225,67419,2780,0.0,0.0,0.0,37167.05,37167.05,0.0
california 21,5001500US0621,621,"Congressional District 21 (115th Congress), California",R,726385,16942,187890,4581,41174,1259,0.0,0.0,0.0,0.0,0.0,0.0
california 22,5001500US0622,622,"Congressional District 22 (115th Congress), California",R,755289,12208,241790,4361,56524,2096,0.0,0.0,0.0,0.0,0.0,25999.2
california 23,5001500US0623,623,"Congressional District 23 (115th Congress), California",R,725299,16655,242551,5477,54437,3041,0.0,0.0,0.0,0.0,0.0,18360.0
california 24,5001500US0624,624,"Congressional District 24 (115th Congress), California",D,738700,2452,252574,3216,68929,2775,28000.0,0.0,0.0,0.0,0.0,28000.0
california 25,5001500US0625,625,"Congressional District 25 (115th Congress), California",R,728858,11165,225209,4312,75367,2040,0.0,0.0,0.0,0.0,0.0,0.0
california 26,5001500US0626,626,"Congressional District 26 (115th Congress), California",D,726532,3639,228178,2731,76914,2271,0.0,9160.75,14923.29,2462052.34,873655.57,1317827.43
california 27,5001500US0627,627,"Congressional District 27 (115th Congress), California",D,724293,10270,243721,5672,71223,1981,0.0,0.0,0.0,120000.0,0.0,12990.0
california 28,5001500US0628,628,"Congressional District 28 (115th Congress), California",D,709613,13462,297443,5093,63940,2856,0.0,0.0,22043.82,0.0,5323.04,62376.020000000004
california 29,5001500US0629,629,"Congressional District 29 (115th Congress), California",D,726264,18931,211315,4591,50655,1323,0.0,0.0,0.0,0.0,0.0,0.0
california 30,5001500US0630,630,"Congressional District 30 (115th Congress), California",D,759943,20104,275641,6046,76778,3754,0.0,0.0,0.0,87000.0,0.0,4240.0
california 31,5001500US0631,631,"Congressional District 31 (115th Congress), California",D,742627,12155,222147,4072,58668,2160,0.0,0.0,0.0,15960.0,15960.0,7407.0
california 32,5001500US0632,632,"Congressional District 32 (115th Congress), California",D,719488,12332,191240,3459,67101,2272,0.0,0.0,0.0,183900.0,2846982.42,2936149.4000000004
california 33,5001500US0633,633,"Congressional District 33 (115th Congress), California",D,712919,13911,301954,5417,101956,1570,0.0,0.0,0.0,0.0,0.0,476561.0
california 34,5001500US0634,634,"Congressional District 34 (115th Congress), California",D,758622,21352,255952,5437,40847,1009,0.0,0.0,0.0,0.0,0.0,0.0
california 35,5001500US0635,635,"Congressional District 35 (115th Congress), California",D,744729,11704,191182,4490,57159,2212,0.0,68150.0,0.0,16599.87,31599.87,157650.0
california 36,5001500US0636,636,"Congressional District 36 (115th Congress), California",D,749841,10186,267899,4761,44567,1783,0.0,0.0,0.0,0.0,8969.4,8969.4
california 37,5001500US0637,637,"Congressional District 37 (115th Congress), California",D,729010,19550,273317,5087,55190,2579,0.0,0.0,0.0,6876.89,107100.0,35700.0
california 38,5001500US0638,638,"Congressional District 38 (115th Congress), California",D,708889,13074,204335,3859,66421,1812,0.0,0.0,0.0,140943.68,30728.53,0.0
california 39,5001500US0639,639,"Congressional District 39 (115th Congress), California",R,729909,8462,225793,4115,85188,3185,0.0,0.0,857201.75,865565.14,857201.75,217274.0
california 40,5001500US0640,640,"Congressional District 40 (115th Congress), California",D,723345,16823,182996,4292,42902,1583,0.0,0.0,0.0,0.0,0.0,0.0
california 41,5001500US0641,641,"Congressional District 41 (115th Congress), California",D,760165,8689,194812,4097,62069,2057,0.0,0.0,0.0,0.0,0.0,0.0
california 42,5001500US0642,642,"Congressional District 42 (115th Congress), California",R,793044,11368,227143,4873,76504,3448,0.0,0.0,0.0,0.0,0.0,0.0
california 43,5001500US0643,643,"Congressional District 43 (115th Congress), California",D,724077,15843,239020,5324,54614,2581,0.0,0.0,0.0,0.0,1497.16,1497.16
california 44,5001500US0644,644,"Congressional District 44 (115th Congress), California",D,723685,13866,188841,3720,50890,1446,0.0,0.0,0.0,0.0,0.0,3884.7
california 45,5001500US0645,645,"Congressional District 45 (115th Congress), California",R,774130,8246,276707,4647,97356,4224,0.0,0.0,0.0,31030.0,47345.0,137994.71
california 46,5001500US0646,646,"Congressional District 46 (115th Congress), California",D,736031,8870,185670,3642,61304,1849,0.0,27456.41,0.0,0.0,3890.45,39240.29
california 47,5001500US0647,647,"Congressional District 47 (115th Congress), California",D,714311,11946,239498,5601,65450,3192,0.0,0.0,0.0,0.0,9888.0,1350180.72
california 48,5001500US0648,648,"Congressional District 48 (115th Congress), California",R,727100,7682,265180,5345,88903,2734,0.0,0.0,0.0,6284.06,992744.92,349673.42
california 49,5001500US0649,649,"Congressional District 49 (115th Congress), California",R,739697,11243,256731,5261,80877,2541,0.0,0.0,0.0,649920.0,930176.4299999999,3252088.14
california 50,5001500US0650,650,"Congressional District 50 (115th Congress), California",R,751527,12232,238443,4468,71692,2454,173650576.77,172254218.18,172254218.18,169223108.01999998,169210576.82,180306912.4
california 51,5001500US0651,651,"Congressional District 51 (115th Congress), California",D,747202,17459,201097,4839,46639,1975,0.0,220800.0,0.0,181125.0,82562.55,993513.1000000001
california 52,5001500US0652,652,"Congressional District 52 (115th Congress), California",D,750537,15408,281618,5314,90854,1839,0.0,8300.0,0.0,287979.56,3109496.13,466498558.21
california 53,5001500US0653,653,"Congressional District 53 (115th Congress), California",D,766812,20024,268519,6329,69314,2390,0.0,0.0,46972.61,334376.81999999995,1015331.0,1100820.23
colorado 1,5001500US0801,801,"Congressional District 1 (115th Congress), Colorado",D,812843,4480,339619,3221,62718,1846,0.0,0.0,0.0,0.0,0.0,28585.22
colorado 2,5001500US0802,802,"Congressional District 2 (115th Congress), Colorado",D,803470,6059,311376,4303,75659,2222,0.0,238789.23,0.0,63492.8,162482045.6,228174815.42999998
colorado 3,5001500US0803,803,"Congressional District 3 (115th Congress), Colorado",R,738119,4336,285496,4032,50817,1309,0.0,0.0,0.0,0.0,0.0,0.0
colorado 4,5001500US0804,804,"Congressional District 4 (115th Congress), Colorado",R,795836,5006,290279,3489,67878,1866,0.0,0.0,0.0,44344.0,56111.0,85429.0
colorado 5,5001500US0805,805,"Congressional District 5 (115th Congress), Colorado",R,786939,1690,295699,3679,62372,1692,0.0,0.0,0.0,718828.0,159310.0,6183369.07
colorado 6,5001500US0806,806,"Congressional District 6 (115th Congress), Colorado",R,813566,6723,289521,3332,76451,1886,0.0,0.0,0.0,0.0,0.0,0.0
colorado 7,5001500US0807,807,"Congressional District 7 (115th Congress), Colorado",D,789772,6440,297002,3214,66063,1865,0.0,0.0,0.0,0.0,0.0,0.0
connecticut 1,5001500US0901,901,"Congressional District 1 (115th Congress), Connecticut",D,712461,7745,277215,3746,70215,2278,0.0,0.0,0.0,201657.5,579410.0,2061422.5
connecticut 2,5001500US0902,902,"Congressional District 2 (115th Congress), Connecticut",D,705034,4948,268254,3685,74784,2466,0.0,0.0,0.0,22210.0,0.0,0.0
connecticut 3,5001500US0903,903,"Congressional District 3 (115th Congress), Connecticut",D,717162,6980,274137,4692,67774,2268,0.0,0.0,0.0,0.0,11184.92,16984.92
connecticut 4,5001500US0904,904,"Congressional District 4 (115th Congress), Connecticut",D,732469,5162,258126,3763,94862,4318,0.0,0.0,0.0,27405.0,0.0,10189.08
connecticut 5,5001500US0905,905,"Congressional District 5 (115th Congress), Connecticut",D,709326,8679,279537,4374,68904,2536,40839.96,0.0,64013.01,0.0,14822.94,121686.18
delaware 0,5001500US1000,1000,"Congressional District (at Large) (115th Congress), Delaware",D,952065,*****,351085,3936,61757,1492,0.0,0.0,0.0,22590.0,15586.5,18627.96
district of columbia 0,5001500US1198,1198,"Delegate District (at Large) (115th Congress), District of Columbia",,681170,*****,281241,3152,75506,3416,0.0,2247000.54,6576280.82,758148.5800000001,26900378.27,75363111.61999999
florida 1,5001500US1201,1201,"Congressional District 1 (115th Congress), Florida",R,762506,1571,287528,4971,53006,1713,0.0,0.0,0.0,0.0,0.0,0.0
florida 2,5001500US1202,1202,"Congressional District 2 (115th Congress), Florida",R,720418,9374,265352,5601,46062,1743,0.0,0.0,0.0,0.0,102710.95,1732106.45
florida 3,5001500US1203,1203,"Congressional District 3 (115th Congress), Florida",R,732088,6986,261185,4470,45970,1532,0.0,0.0,0.0,59835.41,32477.52,141708.73
florida 4,5001500US1204,1204,"Congressional District 4 (115th Congress), Florida",R,778620,11856,297592,5451,68229,2881,0.0,0.0,0.0,152003.09,1874093.88,1913763.88
florida 5,5001500US1205,1205,"Congressional District 5 (115th Congress), Florida",D,728346,12994,265998,5799,40932,1140,0.0,0.0,0.0,382866.45,396694.62,8748.0
florida 6,5001500US1206,1206,"Congressional District 6 (115th Congress), Florida",R,765005,9769,302322,5778,46882,1360,0.0,0.0,0.0,0.0,0.0,0.0
florida 7,5001500US1207,1207,"Congressional District 7 (115th Congress), Florida",D,762326,13747,279904,5065,57146,2027,0.0,0.0,0.0,0.0,204085.06,438148.5
florida 8,5001500US1208,1208,"Congressional District 8 (115th Congress), Florida",R,744430,3535,286448,5672,50752,1209,0.0,0.0,0.0,2558444.89,3197309.1500000004,5976370.169999999
florida 9,5001500US1209,1209,"Congressional District 9 (115th Congress), Florida",D,832753,15714,268104,6251,49899,1978,0.0,0.0,0.0,0.0,0.0,192298.16
florida 10,5001500US1210,1210,"Congressional District 10 (115th Congress), Florida",D,791447,16014,283982,5705,50151,1410,0.0,0.0,0.0,0.0,335599.0,604672.85
florida 11,5001500US1211,1211,"Congressional District 11 (115th Congress), Florida",R,758331,11136,316699,6595,43610,1733,0.0,0.0,0.0,0.0,0.0,0.0
florida 12,5001500US1212,1212,"Congressional District 12 (115th Congress), Florida",R,760472,8232,301046,5083,49774,1811,0.0,0.0,0.0,0.0,174511.2,505894.18
florida 13,5001500US1213,1213,"Congressional District 13 (115th Congress), Florida",D,728996,7696,306391,5251,48519,1582,0.0,0.0,0.0,4325.0,870266.0,20167499.86
florida 14,5001500US1214,1214,"Congressional District 14 (115th Congress), Florida",D,769968,11969,299832,5167,51410,1005,0.0,0.0,0.0,4270.0,97092.78,158966.88999999998
florida 15,5001500US1215,1215,"Congressional District 15 (115th Congress), Florida",R,762822,18653,266358,6219,53784,1826,0.0,0.0,0.0,0.0,0.0,0.0
florida 16,5001500US1216,1216,"Congressional District 16 (115th Congress), Florida",R,803454,11632,310488,5159,55447,1622,0.0,0.0,0.0,0.0,0.0,0.0
florida 17,5001500US1217,1217,"Congressional District 17 (115th Congress), Florida",R,768138,11789,289543,6174,45508,1416,0.0,0.0,0.0,0.0,0.0,0.0
florida 18,5001500US1218,1218,"Congressional District 18 (115th Congress), Florida",R,754652,10080,291685,5825,54913,1975,31831829.7,48025221.419999994,48010595.79,55159282.85,56820110.95,41367946.589999996
florida 19,5001500US1219,1219,"Congressional District 19 (115th Congress), Florida",R,799332,10769,303841,6543,54812,1402,0.0,112476.14,0.0,0.0,643732.8200000001,1121003.85
florida 20,5001500US1220,1220,"Congressional District 20 (115th Congress), Florida",D,794621,16410,242271,5954,43677,2151,0.0,0.0,0.0,100723.7,469191.17,1899423.41
florida 21,5001500US1221,1221,"Congressional District 21 (115th Congress), Florida",D,758201,13284,282081,5081,55864,1618,0.0,0.0,0.0,0.0,23868.0,41692.0
florida 22,5001500US1222,1222,"Congressional District 22 (115th Congress), Florida",D,737019,10420,302908,6235,60159,2044,0.0,0.0,0.0,65833994.61,229972443.90000004,329871277.62
florida 23,5001500US1223,1223,"Congressional District 23 (115th Congress), Florida",D,749377,8009,274257,4934,61513,1648,0.0,0.0,0.0,167104.23,65290.43,4017158.6500000004
florida 24,5001500US1224,1224,"Congressional District 24 (115th Congress), Florida",D,749624,18637,241659,6089,38441,1534,0.0,0.0,0.0,74255.54,0.0,0.0
florida 25,5001500US1225,1225,"Congressional District 25 (115th Congress), Florida",R,763628,14209,241411,5935,46247,1995,0.0,0.0,0.0,6620.0,47797.799999999996,97050.26999999999
florida 26,5001500US1226,1226,"Congressional District 26 (115th Congress), Florida",R,788816,17401,224504,5492,54453,2494,0.0,0.0,0.0,16360.0,12330.0,12330.0
florida 27,5001500US1227,1227,"Congressional District 27 (115th Congress), Florida",R,747049,15095,280067,5912,51958,1517,0.0,0.0,0.0,5000.0,267118.8,244746.98
georgia 1,5001500US1301,1301,"Congressional District 1 (115th Congress), Georgia",R,734172,4597,267317,3925,50931,1058,0.0,0.0,0.0,251894.78999999998,0.0,8955.0
georgia 2,5001500US1302,1302,"Congressional District 2 (115th Congress), Georgia",D,672244,6510,244541,4823,35617,1329,0.0,0.0,0.0,4528.6,0.0,112667.0
georgia 3,5001500US1303,1303,"Congressional District 3 (115th Congress), Georgia",R,729810,9806,263782,4745,56240,2094,0.0,0.0,0.0,24449.0,0.0,0.0
georgia 4,5001500US1304,1304,"Congressional District 4 (115th Congress), Georgia",D,752273,15861,264468,4790,51686,1312,0.0,0.0,0.0,283731.55,0.0,432772.94
georgia 5,5001500US1305,1305,"Congressional District 5 (115th Congress), Georgia",D,747809,14620,298413,6152,48269,2758,0.0,0.0,0.0,6750.0,51300.0,697449.47
georgia 6,5001500US1306,1306,"Congressional District 6 (115th Congress), Georgia",R,756004,13076,283001,4969,87139,3373,0.0,0.0,0.0,30866.4,176201.21,59235.0
georgia 7,5001500US1307,1307,"Congressional District 7 (115th Congress), Georgia",R,789864,16970,256978,4273,72481,2511,0.0,0.0,176062.46,52434.63,76255.81,791475.9299999999
georgia 8,5001500US1308,1308,"Congressional District 8 (115th Congress), Georgia",R,710108,4898,256041,3908,44360,1844,0.0,0.0,0.0,0.0,0.0,47018.88
georgia 9,5001500US1309,1309,"Congressional District 9 (115th Congress), Georgia",R,736075,6883,254999,4574,50154,1300,0.0,0.0,6172000.41,0.0,0.0,18501238.64
georgia 10,5001500US1310,1310,"Congressional District 10 (115th Congress), Georgia",R,741464,13916,253432,4715,51532,1589,0.0,0.0,0.0,0.0,0.0,0.0
georgia 11,5001500US1311,1311,"Congressional District 11 (115th Congress), Georgia",R,764184,12736,280307,4102,69610,2432,0.0,0.0,0.0,0.0,0.0,0.0
georgia 12,5001500US1312,1312,"Congressional District 12 (115th Congress), Georgia",R,719970,5454,252350,3817,43933,2069,0.0,0.0,31898.84,65577.2,11558.85,0.0
georgia 13,5001500US1313,1313,"Congressional District 13 (115th Congress), Georgia",D,746218,16596,257261,5765,57342,2822,0.0,0.0,0.0,0.0,407927.25,831876.73
georgia 14,5001500US1314,1314,"Congressional District 14 (115th Congress), Georgia",R,710176,3491,253245,3277,48691,2458,0.0,0.0,0.0,0.0,0.0,0.0
hawaii 1,5001500US1501,1501,"Congressional District 1 (115th Congress), Hawaii",D,706501,10817,230958,3719,78180,2528,0.0,0.0,0.0,0.0,9917.119999999999,32949.74
hawaii 2,5001500US1502,1502,"Congressional District 2 (115th Congress), Hawaii",D,722056,10817,224910,4130,70867,2211,0.0,0.0,0.0,0.0,0.0,0.0
idaho 1,5001500US1601,1601,"Congressional District 1 (115th Congress), Idaho",R,864758,5320,315763,4190,52199,1328,0.0,0.0,481431.72,30701.13,645.0,1905.0
idaho 2,5001500US1602,1602,"Congressional District 2 (115th Congress), Idaho",R,818382,5320,295109,3828,51294,1322,0.0,0.0,0.0,0.0,6620.6,10849.0
illinois 1,5001500US1701,1701,"Congressional District 1 (115th Congress), Illinois",D,691474,15480,265181,5579,50523,1835,0.0,0.0,0.0,0.0,0.0,0.0
illinois 2,5001500US1702,1702,"Congressional District 2 (115th Congress), Illinois",D,713917,12291,263915,5484,48417,1965,0.0,0.0,0.0,0.0,0.0,0.0
illinois 3,5001500US1703,1703,"Congressional District 3 (115th Congress), Illinois",D,720930,14494,244418,5123,66270,1563,0.0,0.0,0.0,5000.0,10138.1,3020905.5900000003
illinois 4,5001500US1704,1704,"Congressional District 4 (115th Congress), Illinois",D,695098,16697,223350,4795,51383,1194,0.0,0.0,0.0,0.0,0.0,0.0
illinois 5,5001500US1705,1705,"Congressional District 5 (115th Congress), Illinois",D,723373,12713,297889,5220,80269,2429,0.0,0.0,0.0,60000.0,84999.0,285446.89999999997
illinois 6,5001500US1706,1706,"Congressional District 6 (115th Congress), Illinois",R,722323,13209,262303,4733,97387,2804,0.0,0.0,0.0,0.0,0.0,39722.0
illinois 7,5001500US1707,1707,"Congressional District 7 (115th Congress), Illinois",D,723481,15876,295886,5958,54147,2923,0.0,0.0,0.0,0.0,118939.23,0.0
illinois 8,5001500US1708,1708,"Congressional District 8 (115th Congress), Illinois",D,717789,12657,253677,5023,67745,2829,187398.4,0.0,0.0,5275.0,0.0,67124.0
illinois 9,5001500US1709,1709,"Congressional District 9 (115th Congress), Illinois",D,724071,16066,286837,5317,67084,2227,0.0,0.0,0.0,0.0,0.0,0.0
illinois 10,5001500US1710,1710,"Congressional District 10 (115th Congress), Illinois",D,710610,7793,251252,3742,74971,2713,0.0,0.0,0.0,6546.55,494680.06999999995,500691.95999999996
illinois 11,5001500US1711,1711,"Congressional District 11 (115th Congress), Illinois",D,730480,9077,251942,4413,72198,2188,0.0,0.0,0.0,3338.84,0.0,0.0
illinois 12,5001500US1712,1712,"Congressional District 12 (115th Congress), Illinois",R,693736,3049,277601,4184,47430,1476,0.0,51396.100000000006,3356.48,5794049.84,1207925.07,6936565.949999999
illinois 13,5001500US1713,1713,"Congressional District 13 (115th Congress), Illinois",R,704699,7382,283971,4511,49758,1513,0.0,0.0,0.0,0.0,0.0,0.0
illinois 14,5001500US1714,1714,"Congressional District 14 (115th Congress), Illinois",R,736397,9581,250357,4638,90345,2069,119129.6,127792.75,125083.1,139481.5,179117.44,145049.6
illinois 15,5001500US1715,1715,"Congressional District 15 (115th Congress), Illinois",R,700549,4872,275299,3733,49927,1330,0.0,0.0,0.0,0.0,0.0,15655.64
illinois 16,5001500US1716,1716,"Congressional District 16 (115th Congress), Illinois",R,687998,6074,270748,3679,57182,1410,0.0,0.0,0.0,1800.0,29664.0,44496.0
illinois 17,5001500US1717,1717,"Congressional District 17 (115th Congress), Illinois",D,691212,7398,283430,3816,45360,933,0.0,0.0,0.0,0.0,0.0,0.0
illinois 18,5001500US1718,1718,"Congressional District 18 (115th Congress), Illinois",R,713402,7888,283990,3112,60857,1348,0.0,0.0,0.0,0.0,0.0,0.0
indiana 1,5001500US1801,1801,"Congressional District 1 (115th Congress), Indiana",D,711958,2757,270418,3383,56370,1637,0.0,0.0,0.0,0.0,0.0,0.0
indiana 2,5001500US1802,1802,"Congressional District 2 (115th Congress), Indiana",R,724060,3598,265086,3304,51292,1344,0.0,0.0,0.0,12155.0,0.0,12155.0
indiana 3,5001500US1803,1803,"Congressional District 3 (115th Congress), Indiana",R,740262,2628,282012,2899,51453,1008,0.0,0.0,0.0,0.0,0.0,3600.0
indiana 4,5001500US1804,1804,"Congressional District 4 (115th Congress), Indiana",R,749049,4989,286048,3249,53996,1652,0.0,0.0,0.0,62048.58,0.0,0.0
indiana 5,5001500US1805,1805,"Congressional District 5 (115th Congress), Indiana",R,768412,8156,304370,4501,67461,2056,0.0,0.0,0.0,0.0,244947.59,38565.0
indiana 6,5001500US1806,1806,"Congressional District 6 (115th Congress), Indiana",R,720656,2663,280264,3521,51033,1092,0.0,0.0,0.0,0.0,0.0,0.0
indiana 7,5001500US1807,1807,"Congressional District 7 (115th Congress), Indiana",D,751554,7835,285276,4534,41429,964,0.0,0.0,0.0,10494.0,0.0,0.0
indiana 8,5001500US1808,1808,"Congressional District 8 (115th Congress), Indiana",R,717028,2312,281301,3463,50261,1304,0.0,0.0,0.0,12818.3,0.0,12818.3
indiana 9,5001500US1809,1809,"Congressional District 9 (115th Congress), Indiana",R,750074,4283,278495,3292,55078,1801,0.0,0.0,0.0,0.0,4587408.54,4038145.8200000003
iowa 1,5001500US1901,1901,"Congressional District 1 (115th Congress), Iowa",R,771008,1608,307410,3427,57402,1342,0.0,0.0,0.0,0.0,0.0,0.0
iowa 2,5001500US1902,1902,"Congressional District 2 (115th Congress), Iowa",D,778964,1446,308367,3819,52150,1042,0.0,0.0,0.0,0.0,12820.32,0.0
iowa 3,5001500US1903,1903,"Congressional District 3 (115th Congress), Iowa",R,824082,1446,321446,3371,62323,1674,0.0,0.0,0.0,0.0,0.0,0.0
iowa 4,5001500US1904,1904,"Congressional District 4 (115th Congress), Iowa",R,760639,1608,310709,2764,53335,1457,0.0,0.0,0.0,0.0,0.0,0.0
kansas 1,5001500US2001,2001,"Congressional District 1 (115th Congress), Kansas",R,708078,2182,269153,3469,48156,1418,0.0,0.0,0.0,0.0,0.0,63111.28
kansas 2,5001500US2002,2002,"Congressional District 2 (115th Congress), Kansas",R,716597,2455,277244,3660,51778,1190,0.0,0.0,0.0,41365.0,0.0,396741.0
kansas 3,5001500US2003,2003,"Congressional District 3 (115th Congress), Kansas",R,759978,1780,288299,2355,71562,1672,0.0,0.0,0.0,200000.0,188213.1,439216.65
kansas 4,5001500US2004,2004,"Congressional District 4 (115th Congress), Kansas",R,722636,1942,275711,2994,52054,1272,0.0,0.0,0.0,30792.8,23686.8,75401.36
kentucky 1,5001500US2101,2101,"Congressional District 1 (115th Congress), Kentucky",R,717739,3538,278896,4290,40253,958,0.0,0.0,0.0,0.0,0.0,0.0
kentucky 2,5001500US2102,2102,"Congressional District 2 (115th Congress), Kentucky",R,754967,4533,284181,4033,49960,1559,0.0,0.0,0.0,0.0,0.0,0.0
kentucky 3,5001500US2103,2103,"Congressional District 3 (115th Congress), Kentucky",D,740860,3023,305947,2890,51070,1339,0.0,0.0,0.0,0.0,0.0,3500.0
kentucky 4,5001500US2104,2104,"Congressional District 4 (115th Congress), Kentucky",R,754502,4825,280953,2787,60912,1455,0.0,0.0,0.0,10700.0,86273.74,135831.41999999998
kentucky 5,5001500US2105,2105,"Congressional District 5 (115th Congress), Kentucky",R,703315,3667,270305,4442,30585,1098,0.0,0.0,0.0,0.0,0.0,0.0
kentucky 6,5001500US2106,2106,"Congressional District 6 (115th Congress), Kentucky",R,765591,5044,297424,3338,50659,966,0.0,0.0,0.0,173162.6,5874825.82,3292735.39
louisiana 1,5001500US2201,2201,"Congressional District 1 (115th Congress), Louisiana",R,803427,12630,301862,4765,56938,2504,0.0,0.0,0.0,0.0,50000.0,159090.25
louisiana 2,5001500US2202,2202,"Congressional District 2 (115th Congress), Louisiana",D,792390,13604,295726,4790,36798,1311,0.0,0.0,0.0,15639.35,4078.0,8363.68
louisiana 3,5001500US2203,2203,"Congressional District 3 (115th Congress), Louisiana",R,785686,2338,289330,4445,44668,2075,0.0,0.0,0.0,0.0,191050.0,13850.0
louisiana 4,5001500US2204,2204,"Congressional District 4 (115th Congress), Louisiana",R,753181,3394,279395,4295,39748,1891,0.0,0.0,0.0,0.0,0.0,19875.0
louisiana 5,5001500US2205,2205,"Congressional District 5 (115th Congress), Louisiana",R,748306,7216,265342,4881,36718,1254,0.0,0.0,0.0,0.0,7470.0,0.0
louisiana 6,5001500US2206,2206,"Congressional District 6 (115th Congress), Louisiana",R,798676,10720,289146,5312,59270,3070,0.0,0.0,0.0,0.0,0.0,0.0
maine 1,5001500US2301,2301,"Congressional District 1 (115th Congress), Maine",D,676165,3279,276441,4238,61173,1521,0.0,0.0,0.0,0.0,0.0,0.0
maine 2,5001500US2302,2302,"Congressional District 2 (115th Congress), Maine",R,655314,3279,255219,3389,46638,1139,0.0,0.0,0.0,0.0,0.0,8530.0
maryland 1,5001500US2401,2401,"Congressional District 1 (115th Congress), Maryland",R,735590,8368,272561,4133,69254,2443,0.0,0.0,0.0,306270.49,16764.8,589747.4299999999
maryland 2,5001500US2402,2402,"Congressional District 2 (115th Congress), Maryland",D,764948,15791,281015,5391,69128,2344,0.0,0.0,0.0,503152.62,122284.59,119964.29
maryland 3,5001500US2403,2403,"Congressional District 3 (115th Congress), Maryland",D,764166,16478,292373,5645,83620,3248,2434946.83,2434946.83,0.0,2109213.0700000003,38390236.98,9136134.670000002
maryland 4,5001500US2404,2404,"Congressional District 4 (115th Congress), Maryland",D,755108,13531,264065,4112,79350,2155,0.0,0.0,5795.0,28785.0,72713.93,865929.0700000001
maryland 5,5001500US2405,2405,"Congressional District 5 (115th Congress), Maryland",D,758857,11397,261844,3431,95442,2295,0.0,224779.06,292152.7,451869.5,9565395.72,14804279.13
maryland 6,5001500US2406,2406,"Congressional District 6 (115th Congress), Maryland",D,757889,12668,270725,4791,75774,2175,0.0,4940.0,0.0,2858429.92,18880462.56,24850597.39
maryland 7,5001500US2407,2407,"Congressional District 7 (115th Congress), Maryland",D,722745,14322,270269,4878,61392,1570,1434219.84,1434219.84,1434219.84,0.0,1553679.0,3621983.6299999994
maryland 8,5001500US2408,2408,"Congressional District 8 (115th Congress), Maryland",D,757144,12165,281805,4121,98991,2231,39365.9,712761.74,530947.28,362851.31,80610568.42,162210526.97
massachusetts 1,5001500US2501,2501,"Congressional District 1 (115th Congress), Massachusetts",D,729294,6127,285949,3623,55716,2458,0.0,0.0,0.0,8299.9,0.0,4000.0
massachusetts 2,5001500US2502,2502,"Congressional District 2 (115th Congress), Massachusetts",D,749202,8272,279000,3890,64868,2713,0.0,0.0,0.0,27806.37,3369.6,21976.14
massachusetts 3,5001500US2503,2503,"Congressional District 3 (115th Congress), Massachusetts",D,761611,9896,270620,4764,77995,3030,0.0,37080.0,0.0,0.0,0.0,37080.0
massachusetts 4,5001500US2504,2504,"Congressional District 4 (115th Congress), Massachusetts",D,753156,6905,271263,4343,98530,3576,0.0,0.0,0.0,62335.4,104406.1,10408955.1
massachusetts 5,5001500US2505,2505,"Congressional District 5 (115th Congress), Massachusetts",D,759165,7694,292625,3715,92268,2070,0.0,0.0,0.0,1113100.0,1117236.4,3413228.42
massachusetts 6,5001500US2506,2506,"Congressional District 6 (115th Congress), Massachusetts",D,766310,5214,289280,3512,84913,2501,0.0,17533.0,0.0,1000685.73,1374189.7899999998,2055974.9399999997
massachusetts 7,5001500US2507,2507,"Congressional District 7 (115th Congress), Massachusetts",D,779173,9589,292430,4956,60873,1974,0.0,0.0,0.0,0.0,0.0,2735997.38
massachusetts 8,5001500US2508,2508,"Congressional District 8 (115th Congress), Massachusetts",D,773806,10653,302523,4892,82333,2307,0.0,0.0,0.0,137130.65,6264.4,134480.0
massachusetts 9,5001500US2509,2509,"Congressional District 9 (115th Congress), Massachusetts",D,740062,6449,295708,5449,68173,1873,0.0,0.0,0.0,18520.26,2066.4,0.0
michigan 1,5001500US2601,2601,"Congressional District 1 (115th Congress), Michigan",R,699621,945,283981,4218,46927,1155,0.0,0.0,0.0,0.0,1661810.2,2429603.8
michigan 2,5001500US2602,2602,"Congressional District 2 (115th Congress), Michigan",R,734965,3659,272671,3288,52919,1387,0.0,0.0,34424.11,856601.5900000001,337413.95,2957727.28
michigan 3,5001500US2603,2603,"Congressional District 3 (115th Congress), Michigan",R,733618,3526,274579,3256,57926,1725,0.0,0.0,0.0,0.0,0.0,0.0
michigan 4,5001500US2604,2604,"Congressional District 4 (115th Congress), Michigan",R,700487,3783,269712,3198,48434,1218,0.0,0.0,0.0,0.0,0.0,0.0
michigan 5,5001500US2605,2605,"Congressional District 5 (115th Congress), Michigan",D,681278,4207,282014,3478,42800,1023,0.0,0.0,0.0,0.0,0.0,0.0
michigan 6,5001500US2606,2606,"Congressional District 6 (115th Congress), Michigan",R,716163,1333,278608,3029,51477,837,0.0,0.0,0.0,0.0,0.0,0.0
michigan 7,5001500US2607,2607,"Congressional District 7 (115th Congress), Michigan",R,700983,3621,269633,3183,56427,1329,0.0,0.0,0.0,0.0,0.0,0.0
michigan 8,5001500US2608,2608,"Congressional District 8 (115th Congress), Michigan",R,734008,4332,277822,3237,66495,1350,0.0,0.0,0.0,0.0,0.0,24518.73
michigan 9,5001500US2609,2609,"Congressional District 9 (115th Congress), Michigan",D,711069,6696,296402,3737,56582,1407,0.0,0.0,0.0,0.0,0.0,0.0
michigan 10,5001500US2610,2610,"Congressional District 10 (115th Congress), Michigan",R,714802,5467,282229,3711,60934,1333,0.0,0.0,0.0,60300.0,0.0,60300.0
michigan 11,5001500US2611,2611,"Congressional District 11 (115th Congress), Michigan",R,732690,5868,285826,3534,79805,1870,0.0,0.0,0.0,0.0,1482722.63,3810817.85
michigan 12,5001500US2612,2612,"Congressional District 12 (115th Congress), Michigan",D,708880,6475,275304,4099,55506,1370,0.0,0.0,0.0,66495.0,0.0,0.0
michigan 13,5001500US2613,2613,"Congressional District 13 (115th Congress), Michigan",D,658383,12653,259120,4346,33995,1609,0.0,0.0,0.0,0.0,0.0,13250.0
michigan 14,5001500US2614,2614,"Congressional District 14 (115th Congress), Michigan",D,701353,12708,276252,5240,42695,1845,0.0,0.0,0.0,0.0,148655.59999999998,0.0
minnesota 1,5001500US2701,2701,"Congressional District 1 (115th Congress), Minnesota",DFL,672415,2611,265527,2264,60424,1505,0.0,0.0,0.0,0.0,0.0,0.0
minnesota 2,5001500US2702,2702,"Congressional District 2 (115th Congress), Minnesota",R,700264,2715,259773,2139,80128,1761,0.0,0.0,0.0,0.0,17991.27,11773485.72
minnesota 3,5001500US2703,2703,"Congressional District 3 (115th Congress), Minnesota",R,709906,4300,275827,4006,84689,3577,0.0,0.0,0.0,118090.97999999998,311721.8,518981.87
minnesota 4,5001500US2704,2704,"Congressional District 4 (115th Congress), Minnesota",DFL,702162,3130,267990,2146,66175,1996,0.0,0.0,0.0,0.0,121544.2,9320.0
minnesota 5,5001500US2705,2705,"Congressional District 5 (115th Congress), Minnesota",DFL,708082,5908,297273,4876,59115,1623,0.0,0.0,0.0,6989.12,44816.84,40645144.46
minnesota 6,5001500US2706,2706,"Congressional District 6 (115th Congress), Minnesota",R,696720,5345,251892,2974,77049,2365,1526166.18,718090.56,4079163.5100000007,8335089.73,3474548.09,21218703.690000005
minnesota 7,5001500US2707,2707,"Congressional District 7 (115th Congress), Minnesota",DFL,668049,3043,264577,2895,52620,1161,0.0,0.0,0.0,0.0,10143.0,10143.0
minnesota 8,5001500US2708,2708,"Congressional District 8 (115th Congress), Minnesota",DFL,662354,1369,265866,2768,53676,1375,0.0,0.0,0.0,0.0,23132.85,116346.97
mississippi 1,5001500US2801,2801,"Congressional District 1 (115th Congress), Mississippi",R,764223,2709,280350,3622,43194,1816,0.0,0.0,0.0,0.0,8642.69,0.0
mississippi 2,5001500US2802,2802,"Congressional District 2 (115th Congress), Mississippi",D,705911,6750,257899,4125,34392,1200,0.0,0.0,0.0,0.0,0.0,0.0
mississippi 3,5001500US2803,2803,"Congressional District 3 (115th Congress), Mississippi",R,751004,6762,271623,4674,45115,1922,0.0,0.0,0.0,0.0,0.0,0.0
mississippi 4,5001500US2804,2804,"Congressional District 4 (115th Congress), Mississippi",R,767588,1708,281373,4654,45192,2061,0.0,0.0,0.0,4665.0,0.0,0.0
missouri 1,5001500US2901,2901,"Congressional District 1 (115th Congress), Missouri",D,735410,8211,308116,4447,45172,1302,0.0,0.0,0.0,0.0,13789.8,13789.8
missouri 2,5001500US2902,2902,"Congressional District 2 (115th Congress), Missouri",R,763176,11571,305616,4634,79724,1940,0.0,0.0,0.0,0.0,66725.62,15076.86
missouri 3,5001500US2903,2903,"Congressional District 3 (115th Congress), Missouri",R,783679,10619,286456,3917,61929,1566,0.0,0.0,0.0,73680.88,0.0,1273552.3399999999
missouri 4,5001500US2904,2904,"Congressional District 4 (115th Congress), Missouri",R,761860,4848,283792,3692,48065,1664,0.0,0.0,0.0,0.0,5258.17,0.0
missouri 5,5001500US2905,2905,"Congressional District 5 (115th Congress), Missouri",D,763288,6821,313859,4467,48693,1423,0.0,0.0,0.0,7229.04,0.0,0.0
missouri 6,5001500US2906,2906,"Congressional District 6 (115th Congress), Missouri",R,767878,7043,284610,3870,58532,1418,0.0,0.0,0.0,0.0,0.0,0.0
missouri 7,5001500US2907,2907,"Congressional District 7 (115th Congress), Missouri",R,776586,3086,305390,3851,44619,1527,0.0,0.0,0.0,0.0,0.0,0.0
missouri 8,5001500US2908,2908,"Congressional District 8 (115th Congress), Missouri",R,741123,4752,284351,3885,40639,1140,0.0,0.0,0.0,0.0,0.0,0.0
montana 0,5001500US3000,3000,"Congressional District (at Large) (115th Congress), Montana",R,1042520,*****,416125,4426,50027,1096,0.0,0.0,0.0,251546.87,243715.12000000002,424613.65
nebraska 1,5001500US3101,3101,"Congressional District 1 (115th Congress), Nebraska",R,639048,3744,250655,2846,58537,1460,0.0,0.0,0.0,2197122.0,28112.6,6610963.0
nebraska 2,5001500US3102,3102,"Congressional District 2 (115th Congress), Nebraska",R,661142,2472,252290,2524,62621,2043,0.0,0.0,0.0,40622.57,30006.640000000003,58031.6
nebraska 3,5001500US3103,3103,"Congressional District 3 (115th Congress), Nebraska",R,606926,2928,244617,2612,50985,1080,0.0,0.0,0.0,0.0,0.0,0.0
nevada 1,5001500US3201,3201,"Congressional District 1 (115th Congress), Nevada",D,722331,18132,251845,5204,38000,1516,0.0,0.0,0.0,18660.0,0.0,0.0
nevada 2,5001500US3202,3202,"Congressional District 2 (115th Congress), Nevada",R,713779,2932,271213,2772,58214,1617,0.0,0.0,0.0,0.0,0.0,92569.4
nevada 3,5001500US3203,3203,"Congressional District 3 (115th Congress), Nevada",D,779908,14843,287760,5032,68396,1901,0.0,0.0,0.0,0.0,0.0,2802046.15
nevada 4,5001500US3204,3204,"Congressional District 4 (115th Congress), Nevada",D,724040,14482,244340,5862,55712,2137,0.0,0.0,0.0,0.0,0.0,0.0
new hampshire 1,5001500US3301,3301,"Congressional District 1 (115th Congress), New Hampshire",D,671625,6059,264517,4195,71277,1587,0.0,0.0,0.0,0.0,119537.0,1886421.8399999999
new hampshire 2,5001500US3302,3302,"Congressional District 2 (115th Congress), New Hampshire",D,663170,6059,256126,3763,70524,2114,0.0,0.0,0.0,647656.8,1304722.2300000002,715489.1200000001
new jersey 1,5001500US3401,3401,"Congressional District 1 (115th Congress), New Jersey",D,731932,6707,268934,3363,68208,2448,0.0,0.0,0.0,0.0,33227.04,0.0
new jersey 2,5001500US3402,3402,"Congressional District 2 (115th Congress), New Jersey",R,725217,7381,263281,4197,60756,2105,0.0,0.0,0.0,0.0,0.0,8000.0
new jersey 3,5001500US3403,3403,"Congressional District 3 (115th Congress), New Jersey",R,739696,6009,279855,3283,74537,2296,0.0,0.0,0.0,0.0,0.0,0.0
new jersey 4,5001500US3404,3404,"Congressional District 4 (115th Congress), New Jersey",R,732142,7019,265981,4931,78511,3130,0.0,0.0,0.0,0.0,0.0,206617.0
new jersey 5,5001500US3405,3405,"Congressional District 5 (115th Congress), New Jersey",D,742865,11998,260235,4557,100219,2530,0.0,0.0,0.0,1386238.0,1760701.0,4310100.82
new jersey 6,5001500US3406,3406,"Congressional District 6 (115th Congress), New Jersey",D,750419,9783,254143,4037,79229,3210,0.0,0.0,0.0,24091.32,3657.53,0.0
new jersey 7,5001500US3407,3407,"Congressional District 7 (115th Congress), New Jersey",R,732070,10384,264024,3969,106896,3090,0.0,0.0,0.0,0.0,70812.34999999999,860310.9400000001
new jersey 8,5001500US3408,3408,"Congressional District 8 (115th Congress), New Jersey",D,778294,11151,283931,4518,57391,2051,0.0,0.0,0.0,4770.0,16655.0,85689.18
new jersey 9,5001500US3409,3409,"Congressional District 9 (115th Congress), New Jersey",D,760005,11073,264366,4588,64964,2484,15720.8,0.0,0.0,206978.5,36196.42,206978.5
new jersey 10,5001500US3410,3410,"Congressional District 10 (115th Congress), New Jersey",D,758062,11540,263874,4804,50100,1560,0.0,0.0,0.0,21339.98,0.0,85626.23999999999
new jersey 11,5001500US3411,3411,"Congressional District 11 (115th Congress), New Jersey",R,733706,8600,264000,3811,108260,3206,0.0,0.0,0.0,23033.18,529151.88,2403881.98
new jersey 12,5001500US3412,3412,"Congressional District 12 (115th Congress), New Jersey",D,760061,10059,261895,4808,85744,2984,0.0,0.0,0.0,0.0,0.0,10823968.16
new mexico 1,5001500US3501,3501,"Congressional District 1 (115th Congress), New Mexico",D,702719,7505,271742,3226,49570,1878,0.0,50050874.32,0.0,84411.89,414696276.59999996,530198281.27
new mexico 2,5001500US3502,3502,"Congressional District 2 (115th Congress), New Mexico",R,691695,6435,240631,4540,41797,1468,0.0,0.0,0.0,0.0,0.0,0.0
new mexico 3,5001500US3503,3503,"Congressional District 3 (115th Congress), New Mexico",D,686601,6574,245991,3547,49210,1581,3962.74,0.0,0.0,0.0,30851.809999999998,504198.32
new york 1,5001500US3601,3601,"Congressional District 1 (115th Congress), New York",R,718175,4908,237708,4327,90435,2495,0.0,0.0,0.0,0.0,0.0,8729.91
new york 2,5001500US3602,3602,"Congressional District 2 (115th Congress), New York",R,714040,8215,217363,4625,93362,3446,0.0,0.0,0.0,44277.64,0.0,71354.08
new york 3,5001500US3603,3603,"Congressional District 3 (115th Congress), New York",D,732591,12035,247036,4458,111504,2860,0.0,0.0,0.0,49468.74,11976.0,125587244.8
new york 4,5001500US3604,3604,"Congressional District 4 (115th Congress), New York",D,723377,13136,230997,4100,100178,4439,0.0,0.0,0.0,15699.2,69779.58,551370.0900000001
new york 5,5001500US3605,3605,"Congressional District 5 (115th Congress), New York",D,794154,15868,224668,4380,66529,1797,0.0,0.0,0.0,0.0,29999.84,6427344.98
new york 6,5001500US3606,3606,"Congressional District 6 (115th Congress), New York",D,753744,16877,266579,5283,61956,2069,20901670.28,18691353.02,0.0,0.0,1323970.44,3244985.77
new york 7,5001500US3607,3607,"Congressional District 7 (115th Congress), New York",D,763468,18454,256169,5089,55207,2616,0.0,0.0,0.0,38857.92999999999,65179.0,286076.42000000004
new york 8,5001500US3608,3608,"Congressional District 8 (115th Congress), New York",D,771711,19644,284949,5900,51634,1184,0.0,0.0,0.0,31026.3,7233780.12,4698404.470000001
new york 9,5001500US3609,3609,"Congressional District 9 (115th Congress), New York",D,738674,19050,274241,5321,54895,2371,3211790.59,0.0,0.0,0.0,0.0,0.0
new york 10,5001500US3610,3610,"Congressional District 10 (115th Congress), New York",D,708960,18585,302765,7118,85756,4917,0.0,0.0,5000.0,67312.3,333102.36,1879473.4100000001
new york 11,5001500US3611,3611,"Congressional District 11 (115th Congress), New York",R,735452,11681,257947,3775,71072,2258,0.0,0.0,0.0,4683.4,14400.0,32702.0
new york 12,5001500US3612,3612,"Congressional District 12 (115th Congress), New York",D,715471,19247,358652,7152,100281,4342,0.0,0.0,0.0,37550.21,13452408.960000003,5911869.88
new york 13,5001500US3613,3613,"Congressional District 13 (115th Congress), New York",D,812752,17642,292811,7437,41103,2662,0.0,0.0,0.0,0.0,0.0,0.0
new york 14,5001500US3614,3614,"Congressional District 14 (115th Congress), New York",D,691715,20462,234113,5817,53512,2619,0.0,0.0,0.0,0.0,0.0,0.0
new york 15,5001500US3615,3615,"Congressional District 15 (115th Congress), New York",D,768801,19325,253527,4945,29234,1776,0.0,0.0,0.0,0.0,0.0,0.0
new york 16,5001500US3616,3616,"Congressional District 16 (115th Congress), New York",D,736806,13874,265359,5373,69086,2968,0.0,0.0,0.0,0.0,0.0,0.0
new york 17,5001500US3617,3617,"Congressional District 17 (115th Congress), New York",D,744406,5999,242934,3562,94451,4100,0.0,0.0,0.0,0.0,339463.78,618758.43
new york 18,5001500US3618,3618,"Congressional District 18 (115th Congress), New York",D,722617,6833,247953,3909,80493,3409,0.0,0.0,0.0,237000.0,577229.2,1062878.6600000001
new york 19,5001500US3619,3619,"Congressional District 19 (115th Congress), New York",R,698185,6241,262401,4415,59619,2021,0.0,0.0,0.0,0.0,0.0,0.0
new york 20,5001500US3620,3620,"Congressional District 20 (115th Congress), New York",D,723416,5531,279485,3761,64226,2681,0.0,0.0,0.0,12000.0,0.0,25825.0
new york 21,5001500US3621,3621,"Congressional District 21 (115th Congress), New York",R,711798,3688,277069,4448,52350,1216,0.0,0.0,0.0,0.0,0.0,0.0
new york 22,5001500US3622,3622,"Congressional District 22 (115th Congress), New York",R,703464,3765,270214,3456,52967,1447,0.0,0.0,0.0,42080.22,9344.79,82727.19
new york 23,5001500US3623,3623,"Congressional District 23 (115th Congress), New York",R,703717,3717,272324,3524,48730,1628,0.0,0.0,0.0,0.0,0.0,0.0
new york 24,5001500US3624,3624,"Congressional District 24 (115th Congress), New York",R,707479,2961,278410,3786,56388,1415,0.0,0.0,0.0,0.0,0.0,9117.45
new york 25,5001500US3625,3625,"Congressional District 25 (115th Congress), New York",D,720963,2696,288805,3129,53723,1646,0.0,0.0,0.0,47972.53,8771.88,59850.0
new york 26,5001500US3626,3626,"Congressional District 26 (115th Congress), New York",D,709220,4462,298589,4062,47358,1888,0.0,0.0,0.0,22250.0,7690.04,186951.38
new york 27,5001500US3627,3627,"Congressional District 27 (115th Congress), New York",R,720133,6294,285986,4406,62698,1849,0.0,0.0,0.0,0.0,0.0,14620.0
north carolina 1,5001500US3701,3701,"Congressional District 1 (115th Congress), North Carolina",D,750278,7994,294949,4226,40895,785,3096.0,0.0,0.0,3096.0,3096.0,0.0
north carolina 2,5001500US3702,3702,"Congressional District 2 (115th Congress), North Carolina",R,819899,12097,288715,4756,65792,2312,12284686.179999994,2626090.8800000004,15803124.639999995,8073739.7,1313472.8300000003,39074.229999999996
north carolina 3,5001500US3703,3703,"Congressional District 3 (115th Congress), North Carolina",R,754350,5447,285216,4993,47565,1694,0.0,0.0,0.0,0.0,0.0,19908.0
north carolina 4,5001500US3704,3704,"Congressional District 4 (115th Congress), North Carolina",D,847032,10935,321545,5390,70587,2011,104785.67000000001,0.0,0.0,0.0,19518356.580000017,2872256.4399999995
north carolina 5,5001500US3705,3705,"Congressional District 5 (115th Congress), North Carolina",R,751232,2406,299083,4455,45001,1464,0.0,0.0,0.0,0.0,0.0,0.0
north carolina 6,5001500US3706,3706,"Congressional District 6 (115th Congress), North Carolina",R,763491,7452,297993,4065,47335,1954,0.0,0.0,80443.0,2923986.14,3636575.25,10305960.46
north carolina 7,5001500US3707,3707,"Congressional District 7 (115th Congress), North Carolina",R,780442,6271,308011,4482,45002,1708,0.0,0.0,0.0,3500.0,0.0,0.0
north carolina 8,5001500US3708,3708,"Congressional District 8 (115th Congress), North Carolina",R,774967,5185,288388,4000,50570,1105,0.0,0.0,0.0,0.0,3315.0,103683.94
north carolina 9,5001500US3709,3709,"Congressional District 9 (115th Congress), North Carolina",R,778477,9115,278978,3538,55913,1914,0.0,0.0,0.0,2141.81,0.0,0.0
north carolina 10,5001500US3710,3710,"Congressional District 10 (115th Congress), North Carolina",R,759453,5680,297132,3796,46508,1472,0.0,0.0,0.0,0.0,0.0,0.0
north carolina 11,5001500US3711,3711,"Congressional District 11 (115th Congress), North Carolina",R,749597,5180,305113,4718,43855,1797,0.0,0.0,0.0,4335.0,0.0,0.0
north carolina 12,5001500US3712,3712,"Congressional District 12 (115th Congress), North Carolina",D,849357,7685,320462,3412,59268,2077,0.0,0.0,0.0,0.0,2598.75,5358.75
north carolina 13,5001500US3713,3713,"Congressional District 13 (115th Congress), North Carolina",R,768213,8397,296838,4754,47440,1498,0.0,0.0,0.0,45573.77999999999,0.0,0.0
north dakota 0,5001500US3800,3800,"Congressional District (at Large) (115th Congress), North Dakota",R,757953,*****,315134,3356,60656,1528,0.0,0.0,0.0,0.0,0.0,0.0
ohio 1,5001500US3901,3901,"Congressional District 1 (115th Congress), Ohio",R,739216,9999,289541,4607,55712,1730,0.0,1017858.76,0.0,327061.77999999997,649724.09,1295873.97
ohio 2,5001500US3902,3902,"Congressional District 2 (115th Congress), Ohio",R,724451,11129,297079,5062,55472,1446,0.0,0.0,0.0,9540.96,10843.56,71882.61
ohio 3,5001500US3903,3903,"Congressional District 3 (115th Congress), Ohio",D,787306,9619,306114,5426,45860,1583,0.0,0.0,0.0,0.0,107145.9,0.0
ohio 4,5001500US3904,3904,"Congressional District 4 (115th Congress), Ohio",R,714115,4686,274691,3685,52632,1318,0.0,0.0,0.0,0.0,0.0,0.0
ohio 5,5001500US3905,3905,"Congressional District 5 (115th Congress), Ohio",R,720730,5402,288645,3183,57171,1529,0.0,0.0,0.0,8307.76,12361.98,5862.35
ohio 6,5001500US3906,3906,"Congressional District 6 (115th Congress), Ohio",R,703190,7422,276003,3823,46839,1454,0.0,0.0,0.0,0.0,0.0,0.0
ohio 7,5001500US3907,3907,"Congressional District 7 (115th Congress), Ohio",R,728336,7131,278042,3727,53374,1645,0.0,0.0,0.0,0.0,0.0,0.0
ohio 8,5001500US3908,3908,"Congressional District 8 (115th Congress), Ohio",R,727853,1964,276239,3232,58213,2138,0.0,0.0,0.0,0.0,0.0,13761.0
ohio 9,5001500US3909,3909,"Congressional District 9 (115th Congress), Ohio",D,706201,10298,298778,4225,41417,1006,0.0,0.0,0.0,0.0,6708.0,0.0
ohio 10,5001500US3910,3910,"Congressional District 10 (115th Congress), Ohio",R,720354,1326,297509,3331,49988,1453,0.0,0.0,0.0,6972945.79,7166813.49,8892521.43
ohio 11,5001500US3911,3911,"Congressional District 11 (115th Congress), Ohio",D,692226,11726,298406,4361,35735,1163,0.0,0.0,0.0,0.0,40000.0,0.0
ohio 12,5001500US3912,3912,"Congressional District 12 (115th Congress), Ohio",R,758614,7844,287747,4408,67415,2463,0.0,0.0,0.0,0.0,590686.0,590686.0
ohio 13,5001500US3913,3913,"Congressional District 13 (115th Congress), Ohio",D,709683,9003,298591,4821,42430,1104,0.0,0.0,0.0,0.0,129256.0,0.0
ohio 14,5001500US3914,3914,"Congressional District 14 (115th Congress), Ohio",R,710875,8000,288659,3914,63362,1881,5434.5,0.0,0.0,12644.33,92622.39000000001,7229.0
ohio 15,5001500US3915,3915,"Congressional District 15 (115th Congress), Ohio",R,743623,8398,280339,3945,61514,1308,0.0,0.0,0.0,0.0,0.0,15071.93
ohio 16,5001500US3916,3916,"Congressional District 16 (115th Congress), Ohio",R,727600,10733,288286,3914,64197,2038,0.0,0.0,0.0,0.0,0.0,0.0
oklahoma 1,5001500US4001,4001,"Congressional District 1 (115th Congress), Oklahoma",R,796981,2064,312495,1842,52319,961,0.0,0.0,0.0,10800.0,0.0,0.0
oklahoma 2,5001500US4002,4002,"Congressional District 2 (115th Congress), Oklahoma",R,749490,2779,275946,2458,40770,708,0.0,0.0,0.0,0.0,0.0,0.0
oklahoma 3,5001500US4003,4003,"Congressional District 3 (115th Congress), Oklahoma",R,779596,2921,281394,3451,47724,1491,0.0,0.0,0.0,0.0,0.0,0.0
oklahoma 4,5001500US4004,4004,"Congressional District 4 (115th Congress), Oklahoma",R,781940,3977,290128,4062,55183,1546,0.0,0.0,0.0,0.0,0.0,0.0
oklahoma 5,5001500US4005,4005,"Congressional District 5 (115th Congress), Oklahoma",R,815554,3007,309379,3015,49616,1605,0.0,0.0,0.0,0.0,0.0,0.0
oregon 1,5001500US4101,4101,"Congressional District 1 (115th Congress), Oregon",D,830772,3855,311524,3805,72097,1768,0.0,0.0,0.0,7999.8,6679.85,0.0
oregon 2,5001500US4102,4102,"Congressional District 2 (115th Congress), Oregon",R,809980,2987,315374,4200,49837,1549,0.0,0.0,0.0,0.0,12350.0,12350.0
oregon 3,5001500US4103,4103,"Congressional District 3 (115th Congress), Oregon",D,835143,7260,324260,4089,63231,1724,0.0,0.0,0.0,4800.0,237814.57,10804.59
oregon 4,5001500US4104,4104,"Congressional District 4 (115th Congress), Oregon",D,795499,3627,318197,3213,46749,1326,0.0,0.0,0.0,24983.82,156773.27,667383.09
oregon 5,5001500US4105,4105,"Congressional District 5 (115th Congress), Oregon",D,822071,5920,302323,3639,60395,1079,0.0,0.0,0.0,0.0,0.0,0.0
pennsylvania 1,5001500US4201,4201,"Congressional District 1 (115th Congress), Pennsylvania",D,721901,19220,260860,6241,45025,1973,0.0,0.0,0.0,0.0,0.0,3900.0
pennsylvania 2,5001500US4202,4202,"Congressional District 2 (115th Congress), Pennsylvania",D,711404,16934,279336,6003,41320,1245,0.0,0.0,0.0,0.0,32203.2,0.0
pennsylvania 3,5001500US4203,4203,"Congressional District 3 (115th Congress), Pennsylvania",R,693850,4569,278846,3223,51289,827,0.0,0.0,1389236.28,1428888.78,1446896.28,1914661.91
pennsylvania 4,5001500US4204,4204,"Congressional District 4 (115th Congress), Pennsylvania",R,726738,4737,281239,3782,61333,1334,0.0,0.0,0.0,52871.240000000005,0.0,43116.41
pennsylvania 5,5001500US4205,4205,"Congressional District 5 (115th Congress), Pennsylvania",R,700472,4591,263672,3375,48410,1180,0.0,0.0,0.0,0.0,10031.86,21891.86
pennsylvania 6,5001500US4206,4206,"Congressional District 6 (115th Congress), Pennsylvania",R,737397,11534,274134,4156,82139,2080,0.0,0.0,0.0,184684.2,247386.22999999998,535477.8200000001
pennsylvania 7,5001500US4207,4207,"Congressional District 7 (115th Congress), Pennsylvania",R,712330,12061,258813,3951,85881,2740,0.0,0.0,0.0,50058.03,153438.71999999997,529575.14
pennsylvania 8,5001500US4208,4208,"Congressional District 8 (115th Congress), Pennsylvania",R,709746,6045,265416,2715,80199,2239,0.0,0.0,0.0,0.0,6450.0,1017055.3099999999
pennsylvania 9,5001500US4209,4209,"Congressional District 9 (115th Congress), Pennsylvania",R,689669,5402,277770,3738,47697,1472,0.0,0.0,0.0,4958.0,32670.190000000002,220103.19
pennsylvania 10,5001500US4210,4210,"Congressional District 10 (115th Congress), Pennsylvania",R,689108,7525,256391,4184,52199,1129,0.0,0.0,11526.01,21790.0,0.0,0.0
pennsylvania 11,5001500US4211,4211,"Congressional District 11 (115th Congress), Pennsylvania",R,707150,8282,278092,3273,53833,1344,0.0,0.0,0.0,21376.62,21376.62,2136615.2
pennsylvania 12,5001500US4212,4212,"Congressional District 12 (115th Congress), Pennsylvania",R,697773,8275,283824,3694,60387,1277,0.0,0.0,0.0,0.0,0.0,0.0
pennsylvania 13,5001500US4213,4213,"Congressional District 13 (115th Congress), Pennsylvania",D,731754,15317,268338,4490,60105,2035,0.0,0.0,0.0,0.0,5434.0,0.0
pennsylvania 14,5001500US4214,4214,"Congressional District 14 (115th Congress), Pennsylvania",D,696529,8106,317371,4402,44939,1303,0.0,0.0,0.0,0.0,840199.92,92674.25
pennsylvania 15,5001500US4215,4215,"Congressional District 15 (115th Congress), Pennsylvania",R,725473,8109,275165,3248,62755,1352,0.0,0.0,0.0,0.0,0.0,0.0
pennsylvania 16,5001500US4216,4216,"Congressional District 16 (115th Congress), Pennsylvania",R,725915,8849,261448,3149,57144,1298,0.0,0.0,0.0,0.0,14090.0,0.0
pennsylvania 17,5001500US4217,4217,"Congressional District 17 (115th Congress), Pennsylvania",D,699918,9688,270356,4644,51635,1117,0.0,0.0,0.0,0.0,0.0,0.0
pennsylvania 18,5001500US4218,4218,"Congressional District 18 (115th Congress), Pennsylvania",D,707100,9522,286700,3647,63825,2132,0.0,0.0,0.0,0.0,0.0,7545.51
rhode island 1,5001500US4401,4401,"Congressional District 1 (115th Congress), Rhode Island",D,536871,7384,205952,4191,56547,2574,0.0,0.0,0.0,0.0,0.0,24816.72
rhode island 2,5001500US4402,4402,"Congressional District 2 (115th Congress), Rhode Island",D,519555,7384,202287,3883,63976,2518,0.0,0.0,0.0,0.0,0.0,0.0
south carolina 1,5001500US4501,4501,"Congressional District 1 (115th Congress), South Carolina",R,761869,8594,290002,4670,64973,1671,0.0,0.0,124998.8,0.0,0.0,154875.92
south carolina 2,5001500US4502,4502,"Congressional District 2 (115th Congress), South Carolina",R,703246,8723,269439,4183,57253,1835,0.0,0.0,0.0,14532.0,128027.84,128941.0
south carolina 3,5001500US4503,4503,"Congressional District 3 (115th Congress), South Carolina",R,684619,6153,258490,4113,45042,1326,0.0,0.0,0.0,0.0,37155.69,29639.61
south carolina 4,5001500US4504,4504,"Congressional District 4 (115th Congress), South Carolina",R,716552,6805,273239,3548,51718,1182,0.0,0.0,0.0,0.0,3021.32,3021.32
south carolina 5,5001500US4505,4505,"Congressional District 5 (115th Congress), South Carolina",R,704256,5234,267518,3585,48743,2025,0.0,0.0,0.0,0.0,0.0,0.0
south carolina 6,5001500US4506,4506,"Congressional District 6 (115th Congress), South Carolina",D,680469,12932,248721,5075,35296,1062,1695631.4,1695631.4,0.0,0.0,0.0,4820.2
south carolina 7,5001500US4507,4507,"Congressional District 7 (115th Congress), South Carolina",R,710108,3147,270478,4699,43146,1523,0.0,0.0,50000.0,145090.27,452781.0,50000.0
south dakota 0,5001500US4600,4600,"Congressional District (at Large) (115th Congress), South Dakota",R,865454,*****,334003,3659,54467,1289,0.0,0.0,0.0,0.0,0.0,0.0
tennessee 1,5001500US4701,4701,"Congressional District 1 (115th Congress), Tennessee",R,714504,2459,283213,4306,41006,1244,0.0,0.0,0.0,0.0,0.0,0.0
tennessee 2,5001500US4702,4702,"Congressional District 2 (115th Congress), Tennessee",R,740182,2684,294685,4038,50701,1310,0.0,0.0,0.0,0.0,0.0,0.0
tennessee 3,5001500US4703,4703,"Congressional District 3 (115th Congress), Tennessee",R,728254,3622,285079,3823,43938,1609,0.0,0.0,0.0,0.0,0.0,0.0
tennessee 4,5001500US4704,4704,"Congressional District 4 (115th Congress), Tennessee",R,767655,4747,284054,3441,50598,1213,0.0,0.0,0.0,0.0,0.0,3568.0
tennessee 5,5001500US4705,4705,"Congressional District 5 (115th Congress), Tennessee",D,762535,2058,311394,3378,54470,2147,0.0,0.0,0.0,43629893.78,89557036.85999998,138262015.57
tennessee 6,5001500US4706,4706,"Congressional District 6 (115th Congress), Tennessee",R,761538,2963,289792,2826,50731,1400,0.0,0.0,0.0,0.0,0.0,5840.0
tennessee 7,5001500US4707,4707,"Congressional District 7 (115th Congress), Tennessee",R,765730,4198,273435,4098,53276,2198,0.0,0.0,0.0,0.0,3299.45,3299.45
tennessee 8,5001500US4708,4708,"Congressional District 8 (115th Congress), Tennessee",R,706468,6937,260950,3938,54145,1825,0.0,0.0,0.0,0.0,4539.0,0.0
tennessee 9,5001500US4709,4709,"Congressional District 9 (115th Congress), Tennessee",D,704328,6687,273730,4408,39761,1538,0.0,0.0,0.0,21562.370000000003,19930.92,1438794.54
texas 1,5001500US4801,4801,"Congressional District 1 (115th Congress), Texas",R,717735,3914,250547,3519,45313,1469,12350354.93,6150992.02,3576420.09,1950037.0099999998,11219824.059999999,1553996.5099999998
texas 2,5001500US4802,4802,"Congressional District 2 (115th Congress), Texas",R,779662,27763,287714,8365,72711,2814,0.0,0.0,0.0,23124.83,4544.0,306819.47000000003
texas 3,5001500US4803,4803,"Congressional District 3 (115th Congress), Texas",R,842800,5868,304582,3200,88619,2714,0.0,0.0,8955.0,7051.0,39453.71,44364840.63
texas 4,5001500US4804,4804,"Congressional District 4 (115th Congress), Texas",R,735554,6569,262678,4339,52481,1285,0.0,0.0,0.0,18814.52,27159.0,0.0
texas 5,5001500US4805,4805,"Congressional District 5 (115th Congress), Texas",R,764456,11537,253878,5278,50536,1565,0.0,0.0,0.0,0.0,0.0,0.0
texas 6,5001500US4806,4806,"Congressional District 6 (115th Congress), Texas",R,770255,13806,263565,5570,65758,2327,0.0,0.0,0.0,0.0,0.0,0.0
texas 7,5001500US4807,4807,"Congressional District 7 (115th Congress), Texas",R,770606,28103,303045,7706,71183,2099,0.0,88250.0,462948.52999999997,674685.47,732351.99,251648.32
texas 8,5001500US4808,4808,"Congressional District 8 (115th Congress), Texas",R,813519,10510,276789,4792,64861,3747,0.0,0.0,0.0,0.0,40000.0,3634403.67
texas 9,5001500US4809,4809,"Congressional District 9 (115th Congress), Texas",D,793923,24052,267825,6917,46048,1581,0.0,0.0,0.0,0.0,50353.84,34350.86
texas 10,5001500US4810,4810,"Congressional District 10 (115th Congress), Texas",R,823296,24329,289151,6671,73476,2544,0.0,1837.0,0.0,72500.55,6502.08,16097.74
texas 11,5001500US4811,4811,"Congressional District 11 (115th Congress), Texas",R,759136,5753,264303,4060,50602,1482,0.0,0.0,0.0,6592.0,0.0,1056480.7
texas 12,5001500US4812,4812,"Congressional District 12 (115th Congress), Texas",R,770350,16870,280567,4949,62214,1620,9076.32,9076.32,0.0,0.0,5446421.92,293946.0
texas 13,5001500US4813,4813,"Congressional District 13 (115th Congress), Texas",R,707421,5033,254848,4171,50150,1388,0.0,0.0,0.0,0.0,0.0,0.0
texas 14,5001500US4814,4814,"Congressional District 14 (115th Congress), Texas",R,753147,9960,271252,4285,58103,2726,0.0,6039453.59,0.0,0.0,8368366.52,8758227.59
texas 15,5001500US4815,4815,"Congressional District 15 (115th Congress), Texas",D,776887,14120,221925,4785,41947,1712,0.0,0.0,0.0,0.0,16080.8,3548.0
texas 16,5001500US4816,4816,"Congressional District 16 (115th Congress), Texas",D,735784,7298,239593,3618,44045,2481,0.0,0.0,0.0,0.0,115407.82,361223.43000000005
texas 17,5001500US4817,4817,"Congressional District 17 (115th Congress), Texas",R,761922,11615,278052,4880,50888,1401,0.0,0.0,0.0,5166.0,0.0,14990.4
texas 18,5001500US4818,4818,"Congressional District 18 (115th Congress), Texas",D,787352,21789,274686,6506,42662,1745,0.0,0.0,0.0,7304.9,16547.019999999997,6590.9
texas 19,5001500US4819,4819,"Congressional District 19 (115th Congress), Texas",R,734532,6047,256558,4187,47875,1913,0.0,0.0,0.0,0.0,0.0,0.0
texas 20,5001500US4820,4820,"Congressional District 20 (115th Congress), Texas",D,791141,22187,254256,5632,49421,1423,0.0,0.0,259272.72,0.0,9568277.13,32859316.130000003
texas 21,5001500US4821,4821,"Congressional District 21 (115th Congress), Texas",R,804470,17282,315308,6823,68987,2253,0.0,0.0,51983.42,127653.51,69292.57,33609578.739999995
texas 22,5001500US4822,4822,"Congressional District 22 (115th Congress), Texas",R,881407,20047,284890,5833,87901,3579,0.0,0.0,0.0,0.0,0.0,135602.87
texas 23,5001500US4823,4823,"Congressional District 23 (115th Congress), Texas",R,772944,18777,226789,5893,51293,1537,0.0,0.0,0.0,0.0,270192398.29,283847565.7
texas 24,5001500US4824,4824,"Congressional District 24 (115th Congress), Texas",R,790319,14242,310253,6459,70454,1967,0.0,0.0,0.0,52675.71,72107.39,92114.95999999999
texas 25,5001500US4825,4825,"Congressional District 25 (115th Congress), Texas",R,762897,15976,266033,6228,69083,3501,0.0,0.0,0.0,6000.0,8000.0,543946.8
texas 26,5001500US4826,4826,"Congressional District 26 (115th Congress), Texas",R,845376,10550,282462,4307,87272,4454,0.0,0.0,0.0,5757.0,10077.0,0.0
texas 27,5001500US4827,4827,"Congressional District 27 (115th Congress), Texas",R,736778,6082,260365,4855,53047,2082,0.0,0.0,0.0,71927837.49,71927837.49,93149444.76
texas 28,5001500US4828,4828,"Congressional District 28 (115th Congress), Texas",D,736150,15678,212327,5165,44021,2773,0.0,0.0,0.0,0.0,104920.2,0.0
texas 29,5001500US4829,4829,"Congressional District 29 (115th Congress), Texas",D,765403,23377,234493,6345,41737,1201,0.0,0.0,0.0,0.0,1266278.84,7635.0
texas 30,5001500US4830,4830,"Congressional District 30 (115th Congress), Texas",D,749289,17031,263998,4881,44689,2202,0.0,0.0,0.0,0.0,0.0,26883.0
texas 31,5001500US4831,4831,"Congressional District 31 (115th Congress), Texas",R,830908,5176,280467,3673,69228,2881,0.0,41092.5,535409.48,1949562.4200000002,12181760.150000002,21593923.43
texas 32,5001500US4832,4832,"Congressional District 32 (115th Congress), Texas",R,753715,12321,286210,4629,70119,1987,0.0,0.0,0.0,0.0,0.0,2657.53
texas 33,5001500US4833,4833,"Congressional District 33 (115th Congress), Texas",D,764730,25130,229843,5696,38445,1779,0.0,0.0,0.0,11253.85,20385.15,41160.130000000005
texas 34,5001500US4834,4834,"Congressional District 34 (115th Congress), Texas",D,723156,10670,210523,4512,37989,2200,0.0,0.0,0.0,0.0,32214.74,0.0
texas 35,5001500US4835,4835,"Congressional District 35 (115th Congress), Texas",D,822601,23973,264053,5814,48490,2247,0.0,0.0,0.0,0.0,92678.33,86374.28
texas 36,5001500US4836,4836,"Congressional District 36 (115th Congress), Texas",R,732975,13220,251784,6015,58984,2620,0.0,0.0,0.0,0.0,0.0,0.0
utah 1,5001500US4901,4901,"Congressional District 1 (115th Congress), Utah",R,757558,4975,234783,2965,65896,1782,0.0,0.0,0.0,0.0,0.0,0.0
utah 2,5001500US4902,4902,"Congressional District 2 (115th Congress), Utah",R,749217,9320,247006,4147,60700,1303,0.0,0.0,0.0,491.76,491.76,30303.1
utah 3,5001500US4903,4903,"Congressional District 3 (115th Congress), Utah",R,751776,7349,219529,3162,70763,1510,0.0,0.0,0.0,0.0,21000.0,121000.0
utah 4,5001500US4904,4904,"Congressional District 4 (115th Congress), Utah",R,792666,11186,241829,4343,68711,2316,0.0,0.0,0.0,47183.83,1537.99,47183.83
vermont 0,5001500US5000,5000,"Congressional District (at Large) (115th Congress), Vermont",D,624594,*****,254851,2815,57677,1672,0.0,12000.0,0.0,14408.0,34940.0,34940.0
virginia 1,5001500US5101,5101,"Congressional District 1 (115th Congress), Virginia",R,776836,9835,277101,4229,81338,1273,0.0,0.0,0.0,57767.729999999996,39242.05,266481.45
virginia 2,5001500US5102,5102,"Congressional District 2 (115th Congress), Virginia",R,745816,7913,271729,4205,66953,1756,0.0,1315457.68,2450410.25,5940252.600000001,7965854.5600000005,5774671.38
virginia 3,5001500US5103,5103,"Congressional District 3 (115th Congress), Virginia",D,739169,9111,281520,4262,51794,1244,0.0,0.0,0.0,7717.65,1710678.37,13386024.5
virginia 4,5001500US5104,5104,"Congressional District 4 (115th Congress), Virginia",D,764301,11205,286585,4724,54607,1871,0.0,0.0,0.0,0.0,190343.9,190343.9
virginia 5,5001500US5105,5105,"Congressional District 5 (115th Congress), Virginia",R,735178,5854,283654,4543,52237,1566,0.0,0.0,0.0,9596.55,0.0,684423.8
virginia 6,5001500US5106,5106,"Congressional District 6 (115th Congress), Virginia",R,754859,4344,293613,3538,50061,1457,0.0,14306.72,0.0,1538497.26,2119028.5300000003,5425967.840000001
virginia 7,5001500US5107,5107,"Congressional District 7 (115th Congress), Virginia",R,775369,9457,286841,3722,73580,1636,0.0,0.0,0.0,17689.37,2489208.4,7549369.170000001
virginia 8,5001500US5108,5108,"Congressional District 8 (115th Congress), Virginia",D,783079,9948,314900,4373,100719,1381,99312452.03,62190338.54,96610107.64,63435578.370000005,175314706.34999996,363991936.0299999
virginia 9,5001500US5109,5109,"Congressional District 9 (115th Congress), Virginia",R,707012,3955,281436,4600,41698,1648,0.0,0.0,0.0,0.0,0.0,20920081.94
virginia 10,5001500US5110,5110,"Congressional District 10 (115th Congress), Virginia",R,827279,10742,272000,3477,120384,3347,17684089.19,16328259.73,64370154.55,48237990.870000005,220007413.73999998,220385584.94
virginia 11,5001500US5111,5111,"Congressional District 11 (115th Congress), Virginia",D,802910,15730,271313,4755,106554,3043,7342568.27,2739131.1399999997,8340411.829999999,63969343.589999996,330491760.8800001,846383639.58
washington 1,5001500US5301,5301,"Congressional District 1 (115th Congress), Washington",D,738149,9359,270730,4492,91018,2344,0.0,15372241.0,0.0,555366.9,4325767.04,22509018.380000003
washington 2,5001500US5302,5302,"Congressional District 2 (115th Congress), Washington",D,728550,9188,278780,4496,65187,1919,0.0,0.0,0.0,0.0,12372.0,12372.0
washington 3,5001500US5303,5303,"Congressional District 3 (115th Congress), Washington",R,722277,3617,267226,2599,61304,1374,0.0,0.0,0.0,10964.58,18750.0,35614.58
washington 4,5001500US5304,5304,"Congressional District 4 (115th Congress), Washington",R,715254,2542,239010,3163,52484,1557,0.0,0.0,0.0,0.0,0.0,0.0
washington 5,5001500US5305,5305,"Congressional District 5 (115th Congress), Washington",R,708228,2178,274826,3192,51697,1357,0.0,0.0,0.0,0.0,0.0,22000.0
washington 6,5001500US5306,5306,"Congressional District 6 (115th Congress), Washington",D,699178,8447,278664,4152,60616,2135,0.0,0.0,1710678.37,32895.0,0.0,51140.0
washington 7,5001500US5307,5307,"Congressional District 7 (115th Congress), Washington",D,766221,11577,344997,5634,84579,2813,0.0,0.0,0.0,0.0,0.0,20447.52
washington 8,5001500US5308,5308,"Congressional District 8 (115th Congress), Washington",R,738218,11363,261473,4123,79516,2859,0.0,0.0,0.0,0.0,14832.0,4365.63
washington 9,5001500US5309,5309,"Congressional District 9 (115th Congress), Washington",D,739873,12312,280742,4001,75407,2716,0.0,0.0,0.0,0.0,3833362.18,3919177.38
washington 10,5001500US5310,5310,"Congressional District 10 (115th Congress), Washington",D,732052,11976,271628,5215,62206,1525,0.0,0.0,0.0,0.0,0.0,0.0
west virginia 1,5001500US5401,5401,"Congressional District 1 (115th Congress), West Virginia",R,617131,4104,240041,3727,45611,1223,0.0,6913426.23,0.0,6913426.23,0.0,6913426.23
west virginia 2,5001500US5402,5402,"Congressional District 2 (115th Congress), West Virginia",R,622850,3835,245164,4137,48358,1898,0.0,0.0,0.0,0.0,0.0,0.0
west virginia 3,5001500US5403,5403,"Congressional District 3 (115th Congress), West Virginia",R,591121,1378,236920,3557,37728,1604,0.0,0.0,0.0,0.0,0.0,0.0
wisconsin 1,5001500US5501,5501,"Congressional District 1 (115th Congress), Wisconsin",R,715327,5661,276902,3298,61589,1458,0.0,0.0,0.0,18188.53,0.0,0.0
wisconsin 2,5001500US5502,5502,"Congressional District 2 (115th Congress), Wisconsin",D,757511,2380,306923,3178,65589,1561,0.0,0.0,0.0,0.0,0.0,0.0
wisconsin 3,5001500US5503,5503,"Congressional District 3 (115th Congress), Wisconsin",D,721847,3177,286437,2622,52154,1031,0.0,0.0,0.0,0.0,0.0,0.0
wisconsin 4,5001500US5504,5504,"Congressional District 4 (115th Congress), Wisconsin",D,713297,2765,278710,3560,41816,1137,0.0,0.0,0.0,12500.0,0.0,33990.270000000004
wisconsin 5,5001500US5505,5505,"Congressional District 5 (115th Congress), Wisconsin",R,722739,4959,294420,3246,68162,2569,0.0,0.0,0.0,73300.0,98312.73,109672.19
wisconsin 6,5001500US5506,5506,"Congressional District 6 (115th Congress), Wisconsin",R,711318,2651,291448,2920,57129,1206,0.0,1592961.6,1592961.6,9250.0,1640190.0100000002,0.0
wisconsin 7,5001500US5507,5507,"Congressional District 7 (115th Congress), Wisconsin",R,708541,3082,294702,3079,51738,816,0.0,0.0,0.0,11995.0,0.0,20703.55
wisconsin 8,5001500US5508,5508,"Congressional District 8 (115th Congress), Wisconsin",R,728129,1438,297456,2489,57888,1433,0.0,33625.35,0.0,50350.0,54141.18,99276.2
wyoming 0,5001500US5600,5600,"Congressional District (at Large) (115th Congress), Wyoming",R,585501,*****,223619,4088,59882,2214,0.0,0.0,0.0,0.0,0.0,0.0
puerto rico 0,5001500US7298,7298,"Resident Commissioner District (at Large) (115th Congress), Puerto Rico",PNP/R,3411307,*****,1208438,9900,20078,354,0.0,0.0,0.0,71915.0,17280.0,233907.09999999998
