lat,lon,DETLOC
37.388942,-120.57452,BOPATW
60.583659,-151.30003,AKWILCC
40.734241,-77.313578,YORKCME
40.2677,-74.2871,MONMONJ
43.626753,-88.738135,WIDODGE
45.174081,-93.876888,WRIGHMN
44.248742,-114.500931,ONEIDID
35.27845,-116.055014,CACFBAK
42.48526,-71.211469,BOSHOLD
40.660206,-74.003867,BOPBRO
33.238976,-102.835787,DICKETX
42.033012,-72.498933,CTOSBCI
40.729607,-73.555117,NASSANY
40.970376,-72.70984,SUFFONY
26.383236,-98.819217,STARRTX
35.264055,-111.490153,NAVSOAZ
39.058375,-94.900653,CCALEKS
39.099757,-76.845002,BAYAMPR
39.548359,-107.333515,GSCHOLD
35.321415,-106.569051,SANDONM
32.755614,-97.336014,TARRATX
29.384475,-95.002913,BOWCOTX
44.016828,-107.95576,WASHAWY
39.572766,-76.985991,CARROMD
33.431967,-94.043103,TEXARAR
33.498178,-93.777126,ARDCTEX
38.687196,-121.161069,CASPSAC
41.034904,-93.765671,CLARKIA
34.171217,-97.128892,CARTEOK
42.421538,-94.988186,SACCOIA
38.869678,-89.414136,BOPGRE
40.169713,-80.247789,WASHIPA
48.778202,-104.55742,SHERIMT
41.161943,-103.066015,CHEYENE
42.585212,-87.824755,KENOSW2
31.56668,-92.396314,BOPPOL
38.218655,-85.220677,SHELBKY
32.051719,-82.874223,BOPRAE
32.899779,-105.958996,OTERONM
37.298783,-77.333985,RSREGVA
31.749647,-106.486815,PDNHOLD
44.065826,-93.526787,BOPWAS
32.066082,-110.858752,AZDCTUC
33.752819,-117.8342,OGCMCCA
30.079528,-94.094471,JEFFETX
44.019289,-92.460899,OLMSTMN
30.728593,-90.520116,TANGILA
32.496359,-94.739738,GREGGTX
42.620554,-97.263983,CEDARNE
34.317748,-89.262007,CTLAFSL
28.799791,-97.007959,VICTOTX
48.311188,-102.390422,MOUNTND
36.038606,-86.820765,ROCKINH
26.76083,-81.437375,HENDRFL
39.287712,-76.616346,USMMD
40.15359,-88.961766,DEWITIL
30.832374,-92.617936,OAKHOLD
46.407573,-105.84562,CUSTEMT
41.34344,-94.013457,MADISIA
43.045749,-87.924375,WIMILSD
43.700812,-98.036831,DAVISSD
46.236646,-119.095081,FRANKWA
40.676564,-95.857818,OTOECNE
42.142623,-76.265377,TIOGANY
41.128393,-101.719792,KEICONE
38.086166,-102.61894,PROWECO
37.198181,-105.42661,COSTICO
42.013136,-89.328801,OGLECIL
32.378662,-86.307594,MONCJAL
39.054445,-76.633839,VTDCORR
36.825762,-108.02073,SJUANNM
37.982276,-101.754746,HAMILKS
41.791759,-110.54065,LINCOWY
38.811074,-91.148816,WARREMO
34.704368,-85.280739,WALKEGA
32.066684,-81.166054,CHATHGA
33.751444,-117.879468,SANANCA
39.768183,-104.862759,DENVECO
29.361655,-100.461402,MAVERTX
47.692241,-114.161774,LAKCOMT
42.115042,-96.708552,THURSNE
37.943312,-101.253917,KEACOKS
42.759601,-105.381174,CONVEWY
44.722569,-73.716988,NYCLINC
13.444257,144.786297,AGAHOLD
33.884911,-118.102851,CRTOSCA
42.765657,-73.811738,ALBHOLD
29.312671,-100.418822,KINNETX
36.068332,-79.402085,ALAMCNC
32.204286,-95.853849,ATTHOLD
38.882014,-78.505681,SHECOVA
30.710675,-91.356745,PTCOULA
40.801756,-83.511969,PASSANJ
41.104026,-80.654127,MAHONOH
40.261109,-103.801371,LOGANCO
29.596837,-89.823993,PLAQULA
46.235098,-112.121462,JEFFEMT
38.844127,-76.991658,SEH
39.17093,-91.819644,AUDRNMO
33.400604,-110.795769,GILAJAZ
47.665364,-117.427902,SPOKAWA
33.78238,-117.865078,STJOSCA
29.351304,-99.140763,MEDINTX
44.963612,-92.721367,STCROWI
35.154603,-89.864619,BOPMEM
26.181281,-97.685077,HSF
40.13078,-79.533829,CTBRICC
42.749834,-95.554623,CHEROIA
40.998975,-80.337855,LAWREPA
31.056697,-97.464853,BELCOTX
42.200055,-97.52742,PIERCNE
38.070172,-103.257398,BENTCCO
37.75373,-100.002434,FORDJKS
45.515284,-122.676087,POOHOLD
43.665247,-116.682409,HAILEID
44.629837,-123.097959,LINNCOR
42.015525,-95.358178,CRAWFIA
37.112245,-101.001097,SEWARKS
34.049613,-117.261205,LLUMCCA
41.432195,-97.315319,PLATTNE
42.168752,-92.024169,BENTOIA
30.863809,-91.01898,EFELILA
45.441255,-105.408322,POWDRMT
43.403075,-94.836609,EMMETIA
41.235576,-103.663049,KIMBANE
27.637594,-82.539885,MANATFL
37.153343,-98.029973,HARPEKS
31.993865,-102.076837,MIDLATX
28.978371,-96.646614,JACKSTX
30.500814,-91.215436,WBATOLA
45.563391,-122.53842,MULTNOR
36.034108,-94.176027,WASHIAR
42.934481,-78.557346,EIRCONY
39.90914,-105.147475,BROOMCO
47.40313,-97.063527,TRAILND
39.222096,-105.989497,PARKJCO
43.653259,-82.893211,MENMJUV
43.59457,-116.286983,BOIHOLD
44.898788,-97.113444,CODINSD
38.080045,-89.38188,PERRYIL
41.844305,-97.456784,NEJUVNE
33.422871,-84.171062,HENRYGA
33.44692,-112.075172,MCSPEAZ
35.510997,-78.346227,JOHNSNC
37.642213,-98.111687,KINGMKS
38.484967,-107.890273,MONTRCO
27.964903,-82.373016,HICOJFL
43.372295,-87.897249,OZAUKWI
55.348768,-131.647277,AKKETCH
38.855627,-91.939596,CALLAMO
33.584447,-101.845563,LBKHOLD
32.562133,-99.63511,ABTHOLD
41.14305,-96.041736,SARPYNE
32.420424,-97.196841,PRLHOLD
40.859139,-79.895482,BUTLEPA
43.068788,-94.238131,KOSSUIA
41.864285,-87.846991,LYOLAIL
29.428297,-98.508282,WCCBXTX
30.326266,-89.338826,HANCOMS
41.841573,-89.482121,LEECJIL
31.462975,-100.439949,TGREETX
38.624304,-90.199749,STLHOLD
40.705141,-111.869687,SLCHOLD
47.923773,-97.034841,GRFHOLD
34.04867,-118.233776,TEMPLCA
41.504818,-81.690821,CLEHOLD
40.382857,-76.012323,BRKHOLD
44.051091,-123.090793,LANECOR
38.333518,-87.192157,KENNEME
31.354597,-110.92778,SCRUZAZ
47.492384,-122.292496,SEAHOLD
41.002455,-95.894962,SARJUNE
40.711757,-73.828899,QUEHONY
40.382114,-76.016424,BEJUVPA
40.382114,-76.016424,BESECPA
40.010307,-79.077602,SOMERPA
33.21528,-97.11199,DENTOTX
40.38172,-76.018363,BERKSPA
41.675975,-86.252051,STJOSIN
26.478305,-80.079351,GLADEF2
48.373289,-114.183213,CFALSMT
42.887987,-78.877725,BUFHOLD
43.152965,-77.614545,MONRONY
61.21864,-149.85856,AKCOOKI
39.327667,-94.935501,BOPLVN
31.842282,-103.088782,WINCOTX
36.357425,-94.228989,BENTOAR
33.737901,-118.305553,SPHOSCA
26.121832,-80.158437,FTLAUFL
26.681933,-80.251446,PWHOSFL
26.156904,-97.710323,STHOSTX
38.228305,-78.117423,CVREGVA
39.154479,-75.487962,DVDHOLD
44.788235,-69.730034,SOMERME
34.147078,-118.248923,GLEPDCA
38.474198,-77.99681,CULPEVA
33.578609,-102.377737,HOKLYTX
41.50876,-90.581441,RCKISIL
25.459728,-80.493501,DADECFL
42.981885,-85.061803,IONIAMI
39.737347,-104.991575,DENCICO
25.811648,-80.348638,BOPMIA
39.206827,-95.311336,JEFFEKS
40.491585,-111.4119,WASATUT
41.422356,-75.647859,LACKAPA
43.080705,-75.707453,MADISNY
47.478771,-122.284152,ECOLOWA
39.245742,-94.419427,CLACOMO
44.943831,-93.092953,RAJAIMN
43.000862,-78.19385,GENESNY
44.414611,-103.515531,MEADESD
25.787594,-80.215003,CEMEDFL
25.787594,-80.215003,UMIAHFL
42.500678,-96.404997,SXCHOLD
41.313975,-81.737186,NOROYOH
25.79524,-80.207017,WDMIAFL
26.156896,-97.710327,RGHOSTX
32.94402,-103.342405,LEACONM
44.532144,-109.060768,PARKCWY
47.171977,-122.602574,WAMCNEI
37.079002,-106.00492,CONEJCO
39.429059,-77.949736,WVEASTR
46.721847,-92.097951,DOUGLWI
39.198487,-78.146401,NWREGVA
39.198487,-78.146401,CFREDVA
32.723866,-114.623297,YUMAJAZ
39.519917,-122.199577,GLENNCA
37.694718,-97.339496,SEDGWKS
29.574893,-95.753772,FTBENTX
30.032434,-92.176655,VERMILA
33.39273,-110.777248,GIJUVAZ
38.890046,-77.083662,ARLCOVA
40.667975,-73.798131,HOLINNY
48.552963,-109.706549,HILLCMT
43.968203,-111.6807,FREMOID
39.59684,-78.753103,BOPCUM
26.181372,-98.139197,HOSPSPR
48.365698,-119.58164,OKANOWA
37.132993,-107.633162,SOUTECO
45.061416,-92.84736,WAJUVMN
47.625111,-122.321028,AROOSME
43.826734,-111.778072,MADISID
42.779544,-96.93645,CLACOSD
42.852063,-106.324939,CSPHOLD
40.713055,-74.001308,BOPNYM
39.7095,-104.791098,AURORCO
40.794424,-73.883997,RIKISNY
42.277476,-85.548217,KALAMMI
30.593393,-87.897945,DAPHNAL
33.0297,-84.329242,GABAPGA
42.74385,-78.132652,WYMCONY
33.977986,-117.65062,CAYTHGS
36.2197,-115.982888,NYEPANV
32.717064,-109.727016,BOPSAF
30.474525,-84.350983,TALHOLD
46.015268,-112.538768,SILBOMT
37.764806,-90.438798,STFRAMO
41.540658,-96.135149,WASHINE
35.321362,-120.72905,SLOBICA
35.042547,-85.276695,HAMILTN
26.101934,-80.142373,BRGMCFL
38.290962,-104.62762,COMHICO
32.554014,-97.110935,MANSFTX
32.22874,-111.001362,STMARAZ
34.063436,-118.205833,ELJUVCA
25.790555,-80.21497,JMHOSFL
41.90122,-87.883828,STOPDIL
28.481015,-82.461853,HERNAFL
42.367389,-85.194996,BHFLDMI
48.649506,-118.733681,FERRYWA
35.149645,-90.051203,USMWDTN
44.099225,-103.264652,RPCHOLD
47.451997,-122.295535,RRFINWA
13.444257,144.786297,DEPYOGU
39.959492,-75.606033,CHESTPA
37.238597,-87.465432,LSHOSMA
41.391967,-75.073669,PKEHOLD
32.275889,-107.77686,LUNCONM
32.226754,-101.516395,BSCHOLD
37.548158,-77.422476,RICHMVA
42.686609,-74.918022,OTSEGNY
31.396802,-103.502757,PECOSTX
34.051014,-118.217417,WMHOSCA
39.109423,-119.738347,NVNORCC
41.826014,-103.660426,SCOTTNE
32.468207,-81.761834,BULLOGA
35.505599,-119.108574,KERCOCA
35.020777,-94.38913,HARFOCT
42.658805,-88.464512,WALWOWI
40.013873,-105.287301,BOULDCO
41.369853,-82.110202,ELYRIOH
44.254955,-105.518371,TETONWY
46.266188,-106.672947,ROSEBMT
32.879519,-111.749695,CGRMCAZ
26.470653,-97.76112,WILLCTX
32.261565,-101.498192,BSNTRTX
40.264072,-83.363439,FIVECOH
40.657137,-73.765714,QUEICDF
25.75506,-80.437893,KROHOLD
33.869541,-117.808245,STMARCA
34.009941,-81.039405,COAHOLD
42.326912,-87.856023,NOCPDIL
25.784623,-80.225672,HVHOSFL
37.307301,-121.865129,SNJHOLD
40.97169,-82.109184,WALDOME
32.228678,-101.50651,BOPBIG
41.871515,-87.673763,CCHOSIL
39.986795,-104.799317,ADAMSCO
41.134613,-104.819372,LARCOWY
37.451871,-105.865546,ALMHOLD
38.916121,-77.025759,DCDOCDC
41.868633,-87.86559,BSAHOLD
64.83458,-147.760399,AKFAIRB
41.87305,-87.675943,CCHHSIL
40.303494,-79.544617,WMLNDPA
45.215913,-112.634727,BVRHDMT
38.556046,-85.167823,ANDROME
48.169,-111.94719,PONDEMT
36.449639,-103.188432,UNIONNM
28.679812,-99.827692,ZAVCOTX
29.361429,-100.902921,VALJUTX
39.729755,-105.203172,JEFFECO
38.545524,-106.925621,GUNNICO
31.720684,-99.957404,RUNLSTX
30.218572,-93.167467,STMDPLA
45.833833,-109.956895,SWEETMT
44.659934,-84.717197,CRAWFMI
47.029041,-122.913601,THURSWA
58.361173,-134.487811,AKLEMON
32.227595,-101.528072,BSFLTTX
33.726376,-118.267778,SPP
26.27513,-80.121876,NBRMCFL
38.940946,-80.83133,BOPGIL
45.457453,-123.842064,TILLCOR
34.153771,-85.678294,CHEROAL
41.619181,-94.017511,DALCOIA
32.421483,-104.226386,EDDCONM
35.469609,-97.525747,OKCOJOK
35.149195,-90.047575,SHELBTN
47.572023,-117.696734,MARTIWA
37.565417,-85.272159,NEW0600
34.667138,-83.098326,CTYORCI
40.799205,-81.941837,WAYNEOH
32.27677,-90.131691,JAKHOLD
27.336458,-82.530073,SARASFL
40.502158,-106.859933,ROUTTCO
31.432795,-109.871276,COCHIAZ
37.127848,-84.083997,LARELKY
40.457197,-109.524858,UINTCUT
35.050398,-78.879122,NEW608
40.006406,-78.50466,BEDFOPA
40.071112,-84.216792,WCJUVOH
46.903197,-98.706706,STUTSND
25.749617,-80.210173,USMSDFL
31.8457,-102.367749,ODESSTX
42.216718,-85.891064,VANBUMI
46.996507,-120.548738,KITTIWA
33.74024,-117.78669,RIVHOLD
43.605397,-84.774986,ISABEMI
34.149457,-118.144361,PASADCA
47.104954,-104.71494,DAWSOMT
43.514825,-112.033716,IFIHOLD
48.195646,-96.76914,MARSHMN
37.571785,-101.749409,STANTKS
35.535082,-97.95497,CANADOK
43.073915,-89.383108,DANCOWI
41.51009,-112.015737,BOXELUT
37.5119,-122.333287,SMJUVCA
46.975847,-123.81728,ABRDNWA
47.127379,-118.381803,ADAMSWA
38.053506,-97.935588,RENOJKS
38.320677,-121.970488,CASPSOL
30.832093,-92.638259,OAK
33.470585,-112.444153,AZSPPER
32.728513,-116.696348,BARRECA
44.052193,-123.089531,EUGHOLD
34.09259,-118.12645,ALHAMCA
42.091442,-76.801018,CHEMUNY
40.451973,-104.713029,WELDJCO
32.118838,-96.465071,BOPSEA
42.065232,-104.181715,GOSHEWY
35.913739,-94.972463,CHEROOK
39.068448,-108.573139,MESJACO
48.543224,-117.904246,STEVEWA
42.695066,-114.501989,JEROMID
41.865155,-87.833455,LOYMCIL
57.790881,-152.405998,KODIAAK
37.691519,-97.339335,WICHOLD
31.369854,-110.94035,SANTACR
41.311765,-91.723929,WASHCIA
34.165148,-98.001509,JEFFEOK
43.664755,-116.681461,CANYNID
38.054718,-97.936756,RENOYKS
37.951403,-121.291894,STK
45.464935,-98.486014,BROWNSD
40.924082,-98.34297,GRIHOLD
36.737166,-119.790379,FRECOCA
42.256308,-83.68079,WASHTMI
46.586526,-112.036886,LEWISMT
37.986902,-103.540205,OTEROCO
40.36982,-96.194149,JOHNSNE
48.107839,-98.852881,DEVILND
32.8787,-90.416579,BOPYAZ
40.688788,-89.693454,PCJDCIL
41.903084,-87.683317,STMRYIL
48.590191,-109.233752,BLACKIA
41.262527,-81.560801,HOTELMA
39.395662,-101.043313,THOMAKS
33.445984,-112.076641,MCMADAZ
29.845361,-97.960312,HAJUVTX
40.17237,-74.020082,BRINBMA
42.665149,-77.056282,YATESNY
42.254701,-83.700416,WSYOUMI
39.612515,-87.696208,CUMBEIL
40.455624,-81.405602,TUSCAOH
39.671723,-85.699261,MORRINJ
35.563893,-85.113478,MATSHOS
37.181345,-104.484519,LASANCO
26.921075,-99.272367,ZAPCOTX
42.153477,-83.256595,BRNPDMI
38.659973,-75.374504,SUSSEDE
41.283043,-95.900968,NEOMAHA
41.283043,-95.900968,OMAHOLD
36.202312,-115.119726,NOLVGNV
46.88402,-114.034646,MISSOMT
48.506931,-111.855891,TOOLEMT
40.463391,-88.099975,FORDJIL
42.226515,-83.262796,TAYPDMI
33.81022,-118.344877,DLAMOCA
27.879407,-81.822663,POLKJFL
43.087251,-95.626198,OBRIJIA
37.265084,-93.135798,SPGHOLD
36.762658,-76.586644,WTREGVA
40.565213,-105.033515,LARIMCO
43.050562,-83.331908,LAPEEMI
41.851265,-90.1888,CLINTIA
47.391324,-122.314976,BOPSET
41.220639,-112.018624,OGUHOLD
42.562891,-114.432579,TFIHOLD
33.942909,-84.817729,PAULDGA
41.81736,-87.912281,OXFORME
32.374639,-86.304792,MONTGAL
31.866621,-102.379819,ECTORTX
36.752997,-76.060062,VIRBEVA
39.299046,-102.270773,KITCACO
43.981104,-117.238678,MALHCOR
41.810952,-72.297531,CTNEACI
38.844254,-97.613616,SALINKS
35.636955,-106.019486,SANTANM
42.543098,-114.433664,SRJDFID
29.35834,-99.166028,MEJUVTX
34.023429,-84.616127,KENNEGA
34.541778,-112.466549,YAVAPAZ
48.186918,-117.041042,ORLEAVT
35.522343,-108.707417,MCKINNM
35.984145,-83.280788,VTDCOR2
36.978971,-122.023575,SCRUZCA
40.714936,-74.003227,NYCHOLD
35.557616,-105.227867,SANMINM
43.245578,-78.192315,ORLEANY
40.501847,-89.666949,BOPPEK
31.26313,-81.965398,BOPJES
61.187975,-149.833344,AKMCYOU
28.846068,-82.477517,CITRUFL
31.601418,-91.557508,CONCOLA
39.628365,-107.540621,QLTYGCO
26.917575,-82.007075,CHRLTFL
40.157189,-103.192891,WASHICO
41.77004,-87.690722,HLYCHIL
45.075713,-123.388692,BOPSHE
32.676805,-114.650223,YUJUVAZ
39.269042,-121.664668,CACFLEO
29.961475,-90.093336,OPJUVLA
29.961475,-90.093336,ORPARLA
29.987328,-95.342219,IAHSFTX
34.350463,-86.312056,DEKABAL
32.793377,-117.154272,JHALLCA
36.926409,-79.096248,NHSPCON
34.584701,-112.436111,YAVCVAZ
42.017432,-72.591981,CTROBCI
36.090703,-78.32025,FRANKNC
38.796237,-104.795312,CODCCSP
30.52336,-91.180731,EBATOLA
42.028027,-72.501359,CTNRNCI
42.139834,-83.178207,TRENTMI
53.871319,-166.541061,DUTCHAK
45.784022,-108.509485,BILHOLD
33.981397,-83.97527,GWINNGA
44.860114,-93.230838,SPMHOLD
40.54789,-74.226573,NYARTHC
32.585472,-90.045389,MADISMS
33.429612,-112.122672,MCESTAZ
39.841361,-105.483078,GILPICO
37.99687,-122.529444,MARINCA
35.40948,-80.578092,CBRRSNC
39.989002,-75.399586,FRACOVT
37.48774,-122.232357,SMATECA
38.695637,-80.657354,CENTRWV
30.673516,-96.371178,BRAZOTX
31.337459,-94.727097,LUFKNTX
31.592504,-102.889923,WARCOTX
30.269235,-97.739695,AUSHOLD
43.548703,-96.724368,SFDHOLD
32.515898,-93.749405,USMWDLA
37.084185,-84.624663,PULASKY
30.005964,-91.81835,IBERILA
34.054191,-118.240207,BOPLOS
28.038934,-97.510444,SANPATX
43.808803,-99.333112,BRULESD
32.096092,-96.468277,NAVARTX
40.428702,-79.969405,PITHOLD
42.251525,-78.800673,CATTANY
40.279789,-86.49664,CLINTIN
44.796378,-93.527667,SCOTTMN
31.043081,-104.830975,CULBETX
33.622887,-97.147044,COOKETX
33.652546,-117.912111,COSTACA
41.059716,-94.361562,UNIONIA
48.840519,-95.767949,ROSEAMN
41.152704,-100.759522,LINCONE
39.088616,-84.50895,KENTOKY
57.051998,-135.33359,SITKAAK
37.967369,-100.87641,FINNEKS
33.155082,-94.970512,TITUSTX
40.733605,-73.981013,ISHOSNY
42.933853,-78.540656,NYBUFFC
30.639947,-97.680002,WILLITX
30.358683,-103.664263,BREWSTX
40.148123,-111.656788,PRUHOLD
48.79388,-97.62231,PEMBIND
41.136779,-104.819386,CHYHOLD
41.263674,-79.434105,CLARIPA
42.29645,-83.346869,MIWPRPH
40.078833,-102.220652,YUMAJCO
43.047041,-87.908473,MILHOLD
30.306837,-104.019674,PRESITX
47.198962,-114.890816,MINERMT
42.325454,-122.876815,MEDHOLD
42.887582,-85.859028,OTTAWMI
29.488584,-98.526053,BRIJUTX
36.508925,-86.881771,ROBERTN
38.284302,-85.824698,FLOYDIN
46.14743,-122.915414,COWLIWA
33.427069,-112.124006,MCTOWAZ
46.355789,-94.205239,CROWGMN
48.357504,-107.877744,PHILLMT
48.827263,-100.442152,BOTTIND
40.702608,-111.922735,SLOXBUT
44.303003,-96.793566,BROOKSD
32.683286,-97.285835,BOPFTW
28.468655,-82.579552,ESCAMAL
45.755378,-108.502314,YELLOMT
43.014366,-71.510862,NHSPWOM
31.421863,-100.463993,SAGHOLD
37.237201,-107.87391,DURHOLD
37.491108,-86.25848,GRYDCKY
42.809773,-73.939627,SCHNENY
34.059719,-118.125826,MTPPDCA
42.221916,-121.750458,KLAMCOR
33.427067,-112.129066,DURJFAZ
26.673068,-80.092157,PALMBFL
36.072718,-79.793162,USMMDNC
46.463339,-84.249123,SSMHOLD
33.422542,-112.13236,MCLBJAZ
43.416456,-71.657643,MERRINH
32.748919,-115.561618,IMPCOCA
35.75395,-83.968523,BLOJVTN
25.778078,-80.193509,BOPMIM
41.020896,-92.414962,WAPLOIA
36.66488,-84.43911,BOPMCR
41.389115,-81.443018,SOLONOH
38.09764,-84.566189,BOPLEX
41.158446,-104.560379,JWYTHWY
48.178536,-117.057896,PENDOWA
42.343346,-83.009676,DETHOLD
39.839256,-88.953008,MACONIL
36.076179,-115.102538,LVGHOLD
43.177442,-73.316876,WASCONY
61.601706,-149.110319,AKMATSU
44.047137,-123.021562,SPRNGOR
47.321501,-119.55298,GRANTWA
41.538343,-73.101402,ADDCOVT
42.642207,-73.753072,EQXJVNY
43.251466,-78.223409,NYORLNC
40.398482,-105.07266,LDFHOLD
33.480383,-112.078679,STJOSAZ
27.166719,-80.225016,STUHOLD
42.387944,-83.045724,WAYNEMI
39.366173,-104.862298,DOUGLCO
38.046917,-93.701794,STCLAMO
34.676676,-120.496637,BOPLOF
41.931888,-83.459742,MOYOUMI
29.24862,-95.426878,BRAZITX
30.831411,-85.189884,BOPMNA
44.854147,-73.133491,NWSCFVT
39.615116,-105.012314,ARAPACO
42.912447,-78.867935,CMPJVNY
34.501732,-109.364467,APACHAZ
32.231901,-101.512716,BSCORTX
42.274683,-88.399006,CNTGRIL
33.361357,-104.505641,CHAVENM
32.231901,-101.512716,BSCDRTX
40.085471,-104.984108,FCOHOLD
40.085471,-104.984108,FRDHOLD
33.864782,-112.154656,BOPPHX
40.604192,-75.465618,LEHIGPA
29.714592,-95.437938,WOAKSTX
30.491661,-95.985014,GRIMETX
34.603003,-118.160775,PLRMCCA
43.429487,-76.478608,OSWEGNY
38.203807,-83.472884,RICRANS
34.681231,-120.496076,BOPLOM
35.09181,-81.509127,CHLHOLD
32.749921,-117.12884,SDPROCA
34.786037,-91.898017,LONOKAR
42.884637,-78.878729,ERICONY
42.884637,-78.878729,EIRHONY
42.369451,-71.079185,MIDBIMA
38.035653,-84.912317,FRANKKY
26.124129,-97.633957,DVHOSTX
37.646803,-77.550274,RCMHOLD
48.591779,-109.229409,BLAINMT
38.253428,-85.760465,LOUHOLD
31.994377,-102.074279,MLDHOLD
30.076688,-91.791698,SMCORLA
30.076688,-91.791698,SMMEDLA
32.513543,-93.74873,VVSHOLD
41.424679,-91.044072,MUSCAIA
35.846354,-86.395127,RUTJVTN
44.897202,-122.965461,MARICOR
39.404361,-104.866131,DUGLSCO
42.708548,-73.701559,RENSSNY
48.30916,-116.557026,BONNRID
47.384669,-122.237434,REGJCWA
37.293674,-80.053518,ROANOVA
46.328672,-120.02306,SUNNYWA
39.047714,-95.670284,SHAJUKS
47.422585,-120.31674,CHELAWA
32.65486,-114.632965,MIRPYUM
40.667994,-94.71902,TAYLOIA
32.732776,-94.944452,UPSHUTX
42.497494,-96.406397,WOODBIA
35.898455,-86.885365,WILLITN
38.351712,-81.639107,WVREGWV
33.61795,-114.576374,RIVERCA
41.015761,-78.412095,CLEARPA
30.701539,-93.825978,SUSSENJ
45.778038,-108.498261,YELYSMT
43.428064,-96.169499,LYONJIA
36.867477,-87.490377,CHRISKY
41.44725,-97.055856,COLFANE
42.641121,-95.178168,BUENAIA
38.41044,-75.60181,WICOMMD
47.215677,-123.10329,MASONWA
46.883885,-117.36349,WHICOWA
38.843288,-77.308506,FAICOVA
30.840764,-93.286346,BEAURLA
45.663847,-97.047123,ROBERSD
30.257551,-81.591085,JAXHOLD
46.707449,-111.957961,PARKCMT
30.49017,-99.764226,KIMBLTX
35.667848,-97.745246,PIEPDOK
35.192414,-114.052614,MOHAVAZ
35.089282,-106.650886,BERNANM
42.761057,-104.450893,NIOBRWY
43.647213,-108.208881,HOTSPWY
38.302521,-76.627682,SMARYMD
42.515678,-73.215515,CTMANYI
42.116944,-88.033219,WAUKEIL
43.506056,-96.745956,MIJUVSD
40.587247,-98.439651,NEHASTI
39.075997,-77.549905,LOUCOVA
30.179959,-96.93793,LEECOTX
37.774834,-122.405444,SFCOJCA
35.267623,-81.181986,GASTNNC
42.557921,-114.467283,TFALLID
39.701056,-111.822889,JUABCUT
46.259316,-84.451164,MICHIRE
41.433217,-96.498712,DODGENE
42.72115,-94.213637,HUMBOIA
35.56326,-106.05368,SFCORNM
30.722822,-85.930316,PAVHRPR
42.612462,-82.882341,MACCOMI
43.018245,-96.076537,SIOUXIA
30.275952,-91.918375,SMPARLA
39.776587,-104.846952,DRURYCO
36.983015,-86.434736,WARREKY
41.806445,-80.946048,GENEVOH
42.149922,-77.062442,SENECNY
35.424242,-97.59675,OKCHOLD
33.776421,-84.244643,DEKALGA
34.442477,-119.778793,SBARBCA
39.778517,-104.865679,EMBSYCO
35.410801,-86.130471,HILLSNH
32.574785,-116.919093,EMESACA
32.574785,-116.919093,BAILECA
37.266256,-107.01181,ARCHUCO
39.859005,-77.159231,ADAMSPA
46.86597,-96.836535,CASSCND
33.023427,-111.403053,CAMEDAZ
34.059054,-118.231429,LOSCJCA
35.018129,-94.389464,HARHOLD
42.845283,-108.725149,FREMOWY
40.655734,-73.944873,KCHOSNY
34.702145,-118.236615,LANCACA
29.847569,-94.129733,BOPBML
29.847569,-94.129733,BOPBMP
29.847569,-94.129733,BOPBMM
34.088712,-118.073502,BHCALCA
40.739409,-73.976699,BEHOSNY
42.927145,-78.82922,ECMCBNY
42.23363,-83.494934,VNBRNMI
40.513667,-107.544929,CRGHOLD
45.674447,-118.849346,UMATCOR
32.575603,-116.919152,CACFDON
31.115849,-97.674499,BELJUTX
39.740009,-104.991653,VANCCO
34.054926,-117.754163,POMONCA
34.196216,-84.492662,CHEROGA
31.849819,-91.934689,CATAHLA
60.583197,-151.299965,AKWILPT
44.598194,-75.16884,STLAWNY
41.403916,-95.014423,CASSCIA
40.888954,-72.505524,CTGARCI
39.962022,-83.002406,CLMHOLD
32.633183,-117.076747,SOBAYCA
47.602982,-122.328536,KINCOWA
30.241964,-93.377471,SULPHLA
30.326131,-81.650064,DUVALFL
47.950383,-124.378443,FORKSWA
43.552521,-96.731349,MINNESD
37.624123,-104.782935,HUERFCO
38.483781,-94.935875,OSAHOKS
45.629578,-122.675988,CLJUVWA
39.638329,-77.764521,WASHIMD
38.738205,-85.822484,CLARKID
43.155131,-98.538831,CHARLSD
40.252548,-76.834523,DAUPHPA
41.86049,-88.142516,DUPAGIL
43.194046,-112.344097,BINGHID
39.477425,-106.047153,SUMMICO
38.644395,-90.342897,SLJUVMO
31.557565,-97.132846,MCCLETX
41.536366,-109.297502,SWEETWY
40.175335,-122.236667,TEHAMCA
32.295363,-90.182473,USMSDMS
39.960001,-76.348233,AGC
39.190482,-106.81799,PITKICO
37.708292,-120.194511,CACCJAM
27.87829,-97.324076,POMHOLD
42.099325,-102.869419,BOXBUNE
27.495368,-82.572613,BRADEFL
40.271763,-103.628002,BRCHOLD
43.022284,-88.221226,WAUKEWI
42.972587,-85.670087,GRMHOLD
35.319584,-82.455384,HENHOLD
39.566107,-95.119226,ATCHIKS
46.321035,-111.515965,BROADMT
31.389727,-103.52882,REJAITX
47.086246,-119.215122,PISCAME
31.558181,-97.133912,MCCDCTX
43.092112,-79.022955,NIACINY
32.783948,-109.719355,GRAHAAZ
36.848229,-76.397683,EASTEVA
31.181654,-105.357551,HUDSPTX
44.975082,-93.262553,HEADCMN
43.781919,-75.497107,LEWISNY
36.876224,-76.221557,NORHOLD
38.08507,-106.138188,SAGUACO
37.096054,-94.51633,JAJUVMO
37.716011,-121.892192,SRITACA
45.025883,-92.80715,MNCFSTW
41.415016,-81.565955,MAPLEOH
42.598716,-76.175401,CORCONY
44.816179,-106.95625,SHERIWY
30.227639,-93.169302,CALCALA
38.710327,-90.266523,JENNIMO
41.20167,-80.218339,MERCEPA
37.799829,-122.277043,NONOLCA
42.782571,-112.848578,POWERID
33.749284,-117.876573,OCCWJCA
47.720326,-116.786675,KOOTEID
43.181655,-78.738354,NIAGANY
41.128174,-81.888772,MEDINOH
40.03752,-107.912974,RIOBLCO
26.115499,-80.14277,BROJAFL
43.046486,-76.147492,ONONDNY
30.215424,-85.561276,BAYCOFL
33.425502,-86.141269,BOPTDG
30.031802,-89.97248,BHCELLA
28.867782,-99.108227,STDHOLD
25.715999,-80.334958,METROFL
33.435219,-111.841481,DVPSYAZ
37.716066,-121.898157,BOPDUB
29.811209,-95.352566,BFGHITX
39.087499,-108.585497,GJCHOLD
42.816587,-112.379881,BANNOID
45.665008,-93.916133,BENTOMN
21.299523,-157.86311,HHWHOLD
36.805411,-93.465762,STONEMO
42.204962,-83.485496,BELPDMI
41.813737,-73.425634,HANCOME
44.788657,-93.594014,CAJUVMN
39.610233,-82.949261,PICKJOH
30.671804,-96.347616,BEXJUTX
40.823267,-76.888626,SNYDEPA
44.277229,-105.50969,CAMCOWY
29.201791,-96.266237,WHARTTX
43.494886,-112.040615,BONNEID
41.242491,-80.806799,TRUMBOH
40.807696,-96.707031,LANCANE
43.157259,-75.375787,ONECONY
38.277865,-85.736581,CLAJUIN
42.321245,-122.877283,JAJUVOR
41.917953,-74.017781,ULSCONY
37.798938,-122.274789,OAKLACA
44.450457,-95.793797,LYONCMN
26.15835,-97.674683,PLMBHTX
41.162321,-80.65633,BPHOSOH
45.673369,-111.060053,GALLAMT
35.144908,-90.039743,MEMPHTN
61.216338,-149.887276,AKCCANC
42.205111,-72.509878,HAMPDMA
34.10154,-117.272959,SBERNCA
40.722577,-111.48152,SUMMIUT
46.188502,-123.836447,CLATSOR
48.418129,-97.405434,WALSHND
39.989444,-75.399943,STAHOLD
37.676798,-106.350757,RIOGRCO
44.95471,-93.09579,REMEDMN
48.696009,-116.314429,BOUNDID
31.791823,-106.402591,BOEHOLD
38.578145,-121.499699,SACHOLD
41.846212,-85.322211,STJOSMI
42.273121,-89.099308,WNBGOIL
33.578716,-84.551439,CSCSFGA
29.412646,-98.477676,USMW1TX
37.717546,-122.038041,CAHGIRL
31.115772,-92.067053,AVWOMLA
31.115772,-92.067053,AVPARLA
43.639451,-70.311201,MEYTHCT
37.503913,-77.523148,VADCORR
48.475513,-122.335598,VTCHTDN
29.778751,-95.509917,GLOUCNJ
39.279993,-76.612715,LIRSJUV
35.445821,-98.360825,GPCHOLD
37.883775,-121.290405,SJCOJCA
25.811556,-80.311698,TGKJLFL
42.349301,-77.29543,STEUBNY
39.493817,-88.174402,COLESIL
36.159071,-86.781411,BOPCNV
40.747487,-95.645438,FREMOIA
36.832653,-76.297566,PORTSVA
29.948443,-90.076538,NOLHOLD
33.163408,-115.493115,CASPCAL
33.163408,-115.493115,CADCCAL
44.282192,-73.539346,ESSEXNY
40.09943,-99.362249,HARLANE
42.315904,-89.070627,RRIVRIL
40.78037,-99.740138,DAWSONE
41.876814,-87.629945,BOPCCC
43.096605,-79.054497,CSYJVNY
42.056444,-92.901621,DODGEIA
31.493453,-81.494342,MCINTGA
47.471688,-115.922254,SHOSHID
42.725717,-87.783678,RACINWI
42.725897,-93.735287,WRIGHIA
31.636756,-110.336771,COJUVAZ
40.998605,-76.450934,COLUMPA
41.2445,-111.996,WEBERUT
43.606678,-116.27189,ADACOID
37.751835,-77.359553,PAMREVA
33.93553,-118.162152,LOSPACA
37.357963,-108.572718,MONTECO
46.222447,-119.220731,BENTOWA
41.810128,-87.897925,WESPDIL
37.246581,-107.878644,LAPLACO
42.977478,-76.542505,CAYUGNY
41.743783,-74.362567,NYULSTC
43.042685,-76.140546,UPSTANY
35.333823,-97.618358,BOPOKL
30.742095,-95.532891,WALKETX
43.973568,-75.928473,JEFFENY
45.181823,-93.122622,ANJUVMN
38.031902,-86.083512,BELKNNH
45.705221,-92.951425,MNCFRUS
30.625235,-81.626153,NASSAFL
35.051592,-85.1372,SILERTN
41.26852,-110.915063,UINTAWY
39.727309,-104.990273,DNHMCCO
42.322476,-122.878284,JACKSOR
42.217733,-73.863803,GRECONY
44.376645,-103.7289,LAWRESD
31.553661,-97.13349,WCTHOLD
48.189696,-114.310488,FLATHMT
34.270368,-119.213398,VENTUCA
27.175511,-80.241662,MARTIFL
40.981234,-111.903227,DAVISUT
27.246853,-98.124549,BROOKTX
40.251251,-103.789684,MORGACO
35.220843,-80.837649,MECKLN2
37.320648,-78.425405,PMREGVA
35.088702,-92.442469,FAULKAR
34.405734,-103.206646,CURRYNM
35.380213,-94.412793,SEBJVAR
46.593342,-111.974248,HELHOLD
33.20028,-101.371753,BSGDFTX
33.20028,-101.371753,BOPDAL
48.709742,-94.591152,LKWDSMN
31.309713,-92.41072,LKLNDLA
35.410801,-86.130471,MANHOLD
47.595433,-122.327341,SEAICDF
40.750465,-81.387151,MCJUVOH
34.063037,-118.239344,BWDGICA
46.449398,-108.541905,MUSSEMT
33.759226,-117.986454,WESHOLD
42.499048,-96.40647,WOJUVIA
38.548791,-76.059035,DORCHMD
47.996038,-122.039559,WASHIME
32.339536,-108.669664,HIDALNM
39.943956,-75.115979,CAMDENJ
41.863672,-87.867765,REHOSIL
35.157004,-89.883275,MEMHOLD
40.313075,-83.047187,DELWAOH
30.480405,-90.463101,PENOBME
42.249596,-73.756593,COLOMNY
37.825386,-107.881011,SNMGLCO
29.959765,-90.09482,ORPARL2
28.446666,-80.784754,BREVDFL
35.224004,-101.741099,AMTHOLD
40.77399,-80.708493,BOPELK
41.822489,-87.842764,BROPDIL
39.662675,-106.819619,EAGLECO
37.352023,-121.905645,SCNORCA
26.933288,-82.222172,FMYHOLD
32.088885,-110.85789,BOPTCN
42.111331,-75.910529,BROMMNY
32.840254,-116.973569,LASWOCA
39.749321,-104.990311,USMCO
27.796327,-97.399658,NUECETX
30.003609,-81.686229,CLAYCFL
27.507924,-99.504622,WEBCOTX
42.027964,-96.09301,MONONIA
38.275318,-104.610255,PUEBLCO
31.529023,-96.511946,LIMESTX
32.415888,-99.735779,TAYLOTX
61.30043,-149.587058,AKHIGHL
38.3143,-88.9027,JEFFEIL
33.750973,-118.088403,MISS557
30.223179,-92.020786,LAFAYLA
44.969774,-69.506081,MATEWKS
45.033453,-99.126827,FAULKSD
37.217758,-93.291044,GREENMO
32.082882,-110.857962,BOPTCP
38.75191,-77.477579,PWILLVA
38.396049,-105.11597,PUEHOLD
35.749543,-83.99043,BLOUNTN
35.836577,-86.4095,RUTHETN
28.429633,-81.333865,ORLHOLD
32.134972,-81.61901,BRYANGA
47.690453,-122.646315,WYATTRI
32.921723,-96.453077,ROCCOTX
35.189537,-111.641039,COCONAZ
25.907372,-97.494186,CAMERTX
39.638781,-105.102914,BOPENG
39.246915,-94.674981,KANHOLD
31.39479,-103.557594,REJUVTX
31.390048,-103.530264,REDETTX
41.452043,-72.107461,CTCORCI
37.754317,-122.029622,CAHBOYS
41.311078,-105.63077,ALBANWY
40.428345,-74.493605,MIDDLNJ
18.360096,-66.078484,CMEDHPR
40.580064,-111.821697,PRVEGAL
45.061416,-92.84736,MNCOAKC
39.022942,-103.457864,LINCOCO
42.76399,-96.676742,UNIONSD
44.334073,-100.094195,HUGHESD
41.79107,-107.23866,CARBOWY
46.842028,-96.735563,CLAYCMN
47.756361,-96.622289,POLKCMN
44.564424,-98.206759,BEACOSD
45.902017,-95.420589,DOUGLMN
31.174061,-99.876368,EDENDTX
44.346935,-108.165824,BIGHOWY
43.030348,-74.964044,HERKINY
39.958058,-75.162292,HANMNPA
31.339242,-94.727554,ANGELTX
29.824209,-98.618585,KENDATX
30.277756,-98.406098,BLANCTX
30.039918,-99.13649,KERCOTX
29.579044,-97.970738,GUADATX
30.306156,-97.732341,TRAVITX
30.075813,-97.281411,BASCOTX
29.130091,-98.162359,WILSOTX
26.701497,-99.108897,ATASCTX
29.661605,-98.124459,COMALTX
29.399964,-98.530608,BEXARTX
30.727314,-98.246561,HAYCOTX
30.727314,-98.246561,GONZATX
29.915289,-96.865094,FAYETTX
30.727314,-98.246561,CALDWTX
26.701497,-99.108897,FRIOCTX
29.536192,-98.462387,TXDOMIN
36.2051,-119.356899,CASPSAT
32.751069,-117.190736,CASSJCA
32.041235,-89.862596,SIMPSMS
41.896627,-87.631811,CHIHOLD
41.84451,-97.455064,MADISNE
36.163608,-115.141426,CCFAMNV
31.329497,-83.590891,COLQUGA
35.697376,-78.670006,NCDOCRA
25.558428,-80.458168,KRHUBFL
42.05781,-124.275784,COOSCOR
45.498148,-110.224564,BIGHOMT
31.080893,-97.768467,CORTYTX
42.287357,-74.912495,DELAWNY
40.897823,-77.773188,CENTRPA
44.08913,-121.258666,DESCHOR
43.209562,-123.310375,DOUGLOR
37.413944,-121.905479,SCMENCA
37.122572,-113.547417,ESSEXMA
44.995474,-120.222351,GRANTOR
39.033864,-81.173767,BOPFTD
35.221085,-120.636399,CAMENCE
35.221085,-120.636399,CAMENCW
31.216274,-99.837218,EDCHOLD
29.754455,-94.941516,STTCJVI
30.644755,-95.579836,TXHUNTS
32.746007,-84.934906,HARRIGA
35.508128,-98.026708,BOPERE
46.344605,-104.7877,BOPDEV
32.64613,-97.266086,BOPCRW
30.763329,-98.2167,GILLITX
29.991172,-99.179265,KEJUVTX
36.16924,-115.140647,LVGCINV
18.405485,-66.056477,SJUHOLD
37.11964,-94.507393,AIRHOPR
40.310003,-75.130483,BUCKSPA
42.655569,-74.337322,SCHOHNY
61.54876,-149.033496,AKPALMC
39.721955,-75.708385,STCGOVI
45.772424,-122.64879,CLARKWA
44.724105,-75.445374,NYOGDNC
30.80547,-92.62153,BOPOAK
35.100867,-90.726069,BOPFOR
36.13209,-78.75667,BOPBUT
40.969642,-76.948072,BOPLEW
37.96954,-76.766517,NNREGVA
36.958691,-122.027589,STCANVI
35.974602,-94.190997,FAYHOLD
31.773452,-106.37709,ELPCOTX
37.73562,-81.14994,BOPBEC
46.8887,-100.681855,BURLEND
41.07592,-76.87469,BOPALF
44.36287,-93.267456,RICECMN
48.41358,-114.33569,WHITEMT
38.758595,-108.069236,DELTACO
44.859117,-74.288237,FRACONY
39.7061,-105.6975,CLEARCO
37.378234,-120.617808,MERCECA
39.601448,-107.304314,GARFICO
41.07592,-76.87469,BOPALM
39.257605,-106.301383,LAKEJCO
29.847569,-94.129733,BOPBMA
36.703347,-85.802728,BOPFAI
33.276539,-112.18717,MCMEDAZ
35.14726,-107.85145,CIBOLNM
28.452822,-98.166012,BOPTRV
47.83441,-110.65827,CHOUTMT
43.996613,-92.540929,BOPRCH
40.071207,-106.069256,GRANDCO
48.076333,-96.149002,PENNIMN
43.78137,-89.57262,BOPOXF
41.103581,-75.345945,LINCOME
38.320931,-105.142833,BOPFLF
36.449485,-121.368127,CATFSOL
32.80661,-81.183087,BOPEST
38.629119,-106.120582,CHAFFCO
40.69065,-76.26217,BOPSCH
33.767808,-81.987524,BOPEDG
47.933481,-97.394446,GFJUVND
30.140905,-97.313592,BOPBAS
38.320931,-105.142833,BOPFLP
36.722713,-121.63365,MONTECA
38.320931,-105.142833,BOPFLM
26.059583,-80.414605,BROCRFL
48.232139,-101.293788,WARDCND
28.79971,-82.07009,BOPCOL
46.132453,-92.588959,BOPSST
37.524246,-77.493157,HENRIVA
44.28922,-74.10765,BOPRBK
39.370254,-104.421214,ELBERCO
40.811809,-81.368284,STARKOH
42.952856,-74.375413,MONTGNY
37.204765,-77.392784,BOPPET
43.00674,-74.36764,FULCONY
40.643861,-100.54399,FRONTNE
41.07592,-76.87469,BOPALP
41.92923,-78.652806,BOPMCK
32.815898,-90.475849,BOPYAM
41.47343,-74.53849,BOPOTV
33.46238,-94.0715,BOPTEX
42.08532,-83.68244,BOPMIL
31.767543,-96.138094,FREESTX
39.965666,-75.210545,ROUNDPA
44.521909,-92.537774,GOOD
44.521909,-92.537774,GOODHMN
46.244859,-114.158335,RAVALMT
39.923662,-80.743828,WVNORTH
41.007379,-111.898875,FRANKME
30.92465,-93.722324,NEWTOTX
29.219569,-95.344788,BOPDAN
41.702697,-70.321952,BARNSMA
40.878164,-75.784076,CARBOPA
35.783858,-96.777105,SFJUVOK
32.4326,-91.064535,MADISLA
37.180803,-83.785943,BOPMAN
40.517191,-78.61487,BOPLOR
37.656176,-89.095567,BOPMAR
NA,NA,Redacted
NA,NA,Redacted
NA,NA,Redacted
NA,NA,Redacted
NA,NA,Redacted
NA,NA,Redacted
NA,NA,Redacted
NA,NA,Redacted
NA,NA,Redacted
NA,NA,Redacted
NA,NA,Redacted
NA,NA,Redacted
NA,NA,Redacted
NA,NA,Redacted
NA,NA,Redacted
NA,NA,Redacted
NA,NA,Redacted
NA,NA,Redacted
NA,NA,Redacted
NA,NA,Redacted
NA,NA,Redacted
NA,NA,Redacted
NA,NA,Redacted
NA,NA,Redacted
NA,NA,Redacted
NA,NA,Redacted
NA,NA,Redacted
NA,NA,Redacted
NA,NA,Redacted
NA,NA,Redacted
NA,NA,Redacted
NA,NA,Redacted
NA,NA,Redacted
NA,NA,Redacted
NA,NA,Redacted
NA,NA,Redacted
NA,NA,Redacted
NA,NA,Redacted
NA,NA,Redacted
37.250333,-121.926752,SCSOUCA
38.445532,-82.709518,BOPASH
40.244126,-74.808546,AKPSYNJ
42.33469,-71.075509,BPC
45.659503,-122.833553,USMVT
35.808387,-78.839488,RDUHOLD
41.976612,-91.657578,CRIHOLD
35.227271,-80.844194,CLTHOLD
38.087663,-78.556765,ALBEMVA
35.221092,-85.209082,CNGHOLD
41.672687,-93.572173,DSMHOLD
35.366188,-94.416458,FSAHOLD
34.049367,-85.934285,ETWHOLD
34.898246,-82.257851,GRRHOLD
38.422777,-78.877137,HBGHOLD
33.544622,-86.929208,BHMHOLD
39.761293,-86.161336,INPHOLD
35.943139,-83.898794,KNXHOLD
27.556714,-99.475079,LRDHOLD
34.746905,-92.280049,LRAHOLD
32.233377,-86.208528,MGAHOLD
36.165688,-86.778098,NSVHOLD
41.102555,-100.74907,NRPHOLD
39.55587,-119.800887,RENHOLD
41.495083,-90.604899,RIIHOLD
37.185679,-113.609837,SGUHOLD
15.190135,145.740804,MPSIPAN
15.190135,145.740804,SAIHOLD
30.980518,-89.95071,CHAHOLD
27.92485,-82.379447,TAMHOLD
33.431043,-93.876485,TXAHOLD
34.480247,-117.408186,BOPVIM
32.449719,-87.496339,PERRYAL
45.531406,-122.809837,USMOR
33.218643,-117.247871,VISTACA
31.835705,-99.007831,TXSJHAV
31.038898,-97.51293,TXSJWDM
31.409758,-97.721902,TXDCWOM
32.722993,-117.165621,WCCSDCA
45.223303,-123.202793,YAMCOOR